MFEM NURBS NC-patch mesh v1.0

# NCMesh supported geometry types:
# SEGMENT     = 1
# TRIANGLE    = 2
# SQUARE      = 3
# TETRAHEDRON = 4
# CUBE        = 5
# PRISM       = 6
# PYRAMID     = 7

dimension
2

rank
0

# rank attr geom ref_type nodes/children
elements
96
0 1 3 0 2 8 7 4
0 1 3 0 8 11 10 7
0 1 3 0 3 5 10 11
0 1 3 0 6 14 15 9
0 1 3 0 7 10 15 14
0 1 3 0 9 16 17 12
0 1 3 0 1 12 17 18
0 1 3 0 16 19 20 17
0 1 3 0 10 13 20 19
0 1 3 0 5 21 20 13
0 1 3 0 18 17 22 23
0 1 3 0 23 22 24 25
0 1 3 0 21 25 24 20
0 1 3 0 7 58 59 46
0 1 3 0 57 60 59 58
0 1 3 0 57 56 61 60
0 1 3 0 56 55 62 61
0 1 3 0 55 54 63 62
0 1 3 0 53 64 63 54
0 1 3 0 53 14 65 64
0 1 3 0 52 66 65 14
0 1 3 0 51 67 66 52
0 1 3 0 50 68 67 51
0 1 3 0 49 69 68 50
0 1 3 0 48 70 69 49
0 1 3 0 47 71 70 48
0 1 3 0 6 39 71 47
0 1 3 0 0 26 72 42
0 1 3 0 26 27 73 72
0 1 3 0 28 74 73 27
0 1 3 0 28 29 75 74
0 1 3 0 29 30 76 75
0 1 3 0 30 31 77 76
0 1 3 0 31 32 78 77
0 1 3 0 33 79 78 32
0 1 3 0 34 80 79 33
0 1 3 0 35 81 80 34
0 1 3 0 36 82 81 35
0 1 3 0 36 37 83 82
0 1 3 0 37 38 84 83
0 1 3 0 4 43 84 38
0 1 3 0 39 40 85 71
0 1 3 0 40 41 86 85
0 1 3 0 42 72 86 41
0 1 3 0 43 44 87 84
0 1 3 0 44 45 88 87
0 1 3 0 46 59 88 45
0 1 3 0 60 89 88 59
0 1 3 0 60 61 90 89
0 1 3 0 61 62 91 90
0 1 3 0 62 63 92 91
0 1 3 0 66 93 94 65
0 1 3 0 67 95 93 66
0 1 3 0 68 96 95 67
0 1 3 0 69 97 96 68
0 1 3 0 70 98 97 69
0 1 3 0 71 85 98 70
0 1 3 0 72 73 99 86
0 1 3 0 74 100 99 73
0 1 3 0 74 75 101 100
0 1 3 0 75 76 102 101
0 1 3 0 76 77 103 102
0 1 3 0 77 78 104 103
0 1 3 0 79 105 104 78
0 1 3 0 80 106 105 79
0 1 3 0 81 107 106 80
0 1 3 0 82 108 107 81
0 1 3 0 82 83 109 108
0 1 3 0 83 84 87 109
0 1 3 0 85 86 99 98
0 1 3 0 109 87 88 89
0 1 3 0 109 89 90 110
0 1 3 0 110 90 91 111
0 1 3 0 95 112 113 93
0 1 3 0 97 114 115 96
0 1 3 0 98 99 114 97
0 1 3 0 100 116 114 99
0 1 3 0 100 101 117 116
0 1 3 0 101 102 118 117
0 1 3 0 102 103 119 118
0 1 3 0 107 110 111 106
0 1 3 0 117 118 112 115
0 1 3 0 118 119 113 112
0 1 3 0 108 109 110 107
0 1 3 0 93 113 120 94
0 1 3 0 64 121 92 63
0 1 3 0 64 65 94 121
0 1 3 0 121 94 120 92
0 1 3 0 96 115 112 95
0 1 3 0 116 117 115 114
0 1 3 0 103 104 122 119
0 1 3 0 105 123 122 104
0 1 3 0 106 111 123 105
0 1 3 0 119 122 120 113
0 1 3 0 123 92 120 122
0 1 3 0 111 91 92 123

# attr geom nodes
boundary
32
9999 1 2 8
9999 1 4 2
9999 1 8 11
9999 1 3 5
9999 1 11 3
9999 1 9 6
9999 1 12 9
9999 1 1 12
9999 1 18 1
9999 1 5 21
9999 1 23 18
9999 1 25 23
9999 1 21 25
9999 1 6 39
9999 1 0 26
9999 1 42 0
9999 1 26 27
9999 1 27 28
9999 1 28 29
9999 1 29 30
9999 1 30 31
9999 1 31 32
9999 1 32 33
9999 1 33 34
9999 1 34 35
9999 1 35 36
9999 1 36 37
9999 1 37 38
9999 1 38 4
9999 1 39 40
9999 1 40 41
9999 1 41 42

vertex_to_knotspan
22
46 1 7 4
45 2 7 4
44 3 7 4
43 4 7 4
13 5 5 10
47 1 6 14
48 2 6 14
49 3 6 14
50 4 6 14
51 5 6 14
52 6 6 14
16 4 15 9
19 3 10 15
53 1 14 7
54 2 14 7
55 3 14 7
56 4 14 7
57 5 14 7
58 6 14 7
24 2 20 17
22 6 20 17
15 4 16 19

# top-level node coordinates
coordinates
124
2
0 0
0 4
4 0
4 4
2 0
2 4
0 1
2 1
4 1
0 2
2 2
4 2
0 3
2 3
1 1
1 2
0.5 2
0.5 3
0.5 4
1.5 2
1.5 3
1.5 4
0.75 3
0.75 4
1.25 3
1.25 4
0.142857142857143 0
0.285714285714286 0
0.428571428571429 0
0.571428571428571 0
0.714285714285714 0
0.857142857142857 0
1 0
1.14285714285714 0
1.28571428571429 0
1.42857142857143 0
1.57142857142857 0
1.71428571428571 0
1.85714285714286 0
0 0.8
0 0.6
0 0.4
0 0.2
2 0.2
2 0.4
2 0.6
2 0.8
0.166666666666667 1
0.333333333333333 1
0.5 1
0.689936731661989 1
0.75 1
0.810063268338011 1
1.18993673166199 1
1.25 1
1.43993673166199 1
1.5 1
1.66666666666667 1
1.83333333333333 1
1.83108782471428 0.799955859253277
1.66622239899134 0.805202026616276
1.5146266461354 0.826791013749884
1.38729899398148 0.8386793628521
1.2456401785856 0.845794608746362
1.13635582499849 0.879981533540948
0.998722694357096 0.87366939493116
0.858775117325033 0.87553049456572
0.749265037160994 0.876265096741385
0.638670671296904 0.857085679194325
0.492347938183872 0.83464459860458
0.334846799879638 0.811313528724311
0.171223399321501 0.802651262022522
0.158870292566592 0.196914546938322
0.313767699908005 0.195990296944958
0.453184168050956 0.159995599887085
0.592395886474852 0.149005571794955
0.732219492594486 0.147680086786934
0.872686851041311 0.149950279424243
1.01327478129321 0.153145808130379
1.15513153941035 0.156814387428771
1.29582584348695 0.157596041537453
1.43281725500154 0.154076849165778
1.56430495574873 0.150109440864299
1.69205748459436 0.189078793159728
1.84082569591078 0.194487577168971
0.17472058453046 0.603366586268378
0.17734796001293 0.399057637676228
1.8244725953792 0.397996908896938
1.82598211175706 0.601254171672146
1.66076674496412 0.606437021244327
1.50578157062999 0.646048482660976
1.3550516014498 0.667724457721382
1.192773339004 0.681180186769616
0.875050010288696 0.741700272287286
1.00263074553696 0.750592852584679
0.750000137061975 0.73475934480404
0.625373520176699 0.70871038758456
0.485866607421139 0.672869362958189
0.339430641471246 0.617003797631744
0.356362146659871 0.408813544101465
0.480893039602689 0.31199118156719
0.615680840468187 0.296082276013764
0.749270539963195 0.295447710809524
0.885917063571023 0.301392854120269
1.02618772240729 0.307423799922396
1.16949402859451 0.317926360465119
1.31189049993432 0.320751023882004
1.44599925896575 0.30820082056896
1.55942408187115 0.283979652570824
1.64931193501172 0.393530550478595
1.49036767462645 0.464403487503292
1.33996013602809 0.490078887413936
0.754097380319926 0.588228798273223
0.891935130733158 0.601530924727257
0.494384134909577 0.523776449632713
0.626645697562901 0.567764793394456
0.53579985492852 0.420904137897682
0.640445111189145 0.436522587715783
0.761161772874386 0.442884775842234
0.892318189957186 0.453212050499576
1.0371669793213 0.625489393048299
1.11323282658124 0.77102203391983
1.03421868113124 0.468648080263873
1.18668241503252 0.494019187905213

edges
225
0 2 8
1 8 7
0 4 7
1 2 4
2 8 11
1 11 10
2 7 10
1 3 5
3 5 10
3 3 11
4 6 14
2 14 15
4 9 15
2 6 9
5 10 15
5 7 14
6 9 16
7 16 17
6 12 17
7 9 12
8 1 12
8 18 17
6 1 18
9 16 19
7 19 20
9 17 20
7 10 13
10 13 20
10 10 19
10 5 21
8 21 20
8 5 13
11 17 22
8 23 22
11 18 23
12 22 24
8 25 24
12 23 25
13 21 25
13 20 24
27 7 58
28 58 59
27 46 59
28 7 46
28 57 60
26 60 59
26 57 58
24 57 56
28 56 61
24 60 61
23 56 55
28 55 62
23 61 62
22 55 54
28 54 63
22 62 63
28 53 64
30 64 63
30 53 54
21 53 14
28 14 65
21 64 65
28 52 66
20 66 65
20 52 14
28 51 67
19 67 66
19 51 52
28 50 68
18 68 67
18 50 51
28 49 69
17 69 68
17 49 50
28 48 70
25 70 69
25 48 49
28 47 71
15 71 70
15 47 48
28 6 39
14 39 71
14 6 47
14 0 26
32 26 72
14 42 72
32 0 42
15 26 27
32 27 73
15 72 73
32 28 74
16 74 73
16 28 27
17 28 29
32 29 75
17 74 75
18 29 30
32 30 76
18 75 76
19 30 31
32 31 77
19 76 77
20 31 32
32 32 78
20 77 78
32 33 79
21 79 78
21 33 32
32 34 80
22 80 79
22 34 33
32 35 81
23 81 80
23 35 34
32 36 82
24 82 81
24 36 35
25 36 37
32 37 83
25 82 83
26 37 38
32 38 84
26 83 84
32 4 43
27 43 84
27 4 38
29 39 40
14 40 85
29 71 85
30 40 41
14 41 86
30 85 86
31 72 86
31 42 41
31 43 44
27 44 87
31 84 87
16 44 45
27 45 88
16 87 88
29 59 88
29 46 45
29 60 89
26 89 88
29 61 90
24 89 90
29 62 91
23 90 91
29 63 92
22 91 92
29 66 93
20 93 94
29 65 94
29 67 95
19 95 93
29 68 96
18 96 95
29 69 97
17 97 96
29 70 98
25 98 97
15 85 98
31 73 99
15 86 99
31 74 100
16 100 99
31 75 101
17 100 101
31 76 102
18 101 102
31 77 103
19 102 103
31 78 104
20 103 104
31 79 105
21 105 104
31 80 106
22 106 105
31 81 107
23 107 106
31 82 108
24 108 107
31 83 109
25 108 109
26 109 87
30 98 99
16 109 89
16 110 90
24 109 110
16 111 91
23 110 111
30 95 112
19 112 113
30 93 113
30 97 114
17 114 115
30 96 115
25 99 114
25 100 116
16 116 114
25 101 117
17 116 117
25 102 118
18 117 118
25 103 119
19 118 119
25 107 110
25 106 111
16 118 112
18 115 112
16 117 115
16 119 113
20 113 120
30 94 120
29 64 121
30 121 92
21 121 94
21 92 120
25 104 122
20 119 122
25 105 123
21 123 122
22 111 123
16 122 120
16 123 92

knotvectors
33
3 16 0 0 0 0 0.2 0.2 0.2 0.4 0.4 0.4 0.6 0.6 0.6 0.8 0.8 0.8 1 1 1 1
3 16 0 0 0 0 0.2 0.2 0.2 0.4 0.4 0.4 0.6 0.6 0.6 0.8 0.8 0.8 1 1 1 1
3 16 0 0 0 0 0.2 0.2 0.2 0.4 0.4 0.4 0.6 0.6 0.6 0.8 0.8 0.8 1 1 1 1
3 31 0 0 0 0 0.1 0.1 0.1 0.2 0.2 0.2 0.3 0.3 0.3 0.4 0.4 0.4 0.5 0.5 0.5 0.6 0.6 0.6 0.7 0.7 0.7 0.8 0.8 0.8 0.9 0.9 0.9 1 1 1 1
3 22 0 0 0 0 0.142857142857143 0.142857142857143 0.142857142857143 0.285714285714286 0.285714285714286 0.285714285714286 0.428571428571429 0.428571428571429 0.428571428571429 0.571428571428571 0.571428571428571 0.571428571428571 0.714285714285714 0.714285714285714 0.714285714285714 0.857142857142857 0.857142857142857 0.857142857142857 1 1 1 1
3 22 0 0 0 0 0.142857142857143 0.142857142857143 0.142857142857143 0.285714285714286 0.285714285714286 0.285714285714286 0.428571428571429 0.428571428571429 0.428571428571429 0.571428571428571 0.571428571428571 0.571428571428571 0.714285714285714 0.714285714285714 0.714285714285714 0.857142857142857 0.857142857142857 0.857142857142857 1 1 1 1
3 10 0 0 0 0 0.333333333333333 0.333333333333333 0.333333333333333 0.666666666666667 0.666666666666667 0.666666666666667 1 1 1 1
3 16 0 0 0 0 0.2 0.2 0.2 0.4 0.4 0.4 0.6 0.6 0.6 0.8 0.8 0.8 1 1 1 1
3 16 0 0 0 0 0.2 0.2 0.2 0.4 0.4 0.4 0.6 0.6 0.6 0.8 0.8 0.8 1 1 1 1
3 25 0 0 0 0 0.125 0.125 0.125 0.25 0.25 0.25 0.375 0.375 0.375 0.5 0.5 0.5 0.625 0.625 0.625 0.75 0.75 0.75 0.875 0.875 0.875 1 1 1 1
3 10 0 0 0 0 0.333333333333333 0.333333333333333 0.333333333333333 0.666666666666667 0.666666666666667 0.666666666666667 1 1 1 1
3 7 0 0 0 0 0.5 0.5 0.5 1 1 1 1
3 13 0 0 0 0 0.25 0.25 0.25 0.5 0.5 0.5 0.75 0.75 0.75 1 1 1 1
3 7 0 0 0 0 0.5 0.5 0.5 1 1 1 1
3 4 0 0 0 0 1 1 1 1
3 4 0 0 0 0 1 1 1 1
3 4 0 0 0 0 1 1 1 1
3 4 0 0 0 0 1 1 1 1
3 4 0 0 0 0 1 1 1 1
3 4 0 0 0 0 1 1 1 1
3 4 0 0 0 0 1 1 1 1
3 4 0 0 0 0 1 1 1 1
3 4 0 0 0 0 1 1 1 1
3 4 0 0 0 0 1 1 1 1
3 4 0 0 0 0 1 1 1 1
3 4 0 0 0 0 1 1 1 1
3 4 0 0 0 0 1 1 1 1
3 4 0 0 0 0 1 1 1 1
3 4 0 0 0 0 1 1 1 1
3 4 0 0 0 0 1 1 1 1
3 4 0 0 0 0 1 1 1 1
3 4 0 0 0 0 1 1 1 1
3 4 0 0 0 0 1 1 1 1

spacing
8
2 2 3 1 5 0 1 0.1
3 6 13 1 10 2 0
5 5 
0 1 0 5
0 1 0 5
0.5 
4 6 30 4 7 3 1
2 2 3 
7 11 1 2 1 0 2 4 5 3 1 4 0 1
5 3 1 2 0 0
0 1 0 3
0.25 0.5 
10 
10 
5 6 30 4 7 3 0
3 2 2 
0 1 0 3
5 3 1 2 0 0
7 11 1 2 0 0 2 4 5 3 1 4 0 1
0.5 0.75 
10 
10 
9 6 47 7 8 4 1
2 2 2 2 
5 3 1 2 0 0
7 11 1 2 0 0 2 4 5 3 1 4 0 1
7 11 1 2 0 2 2 4 5 3 1 4 0 1
5 3 1 2 0 0
0.25 0.5 0.75 
10 
10 
10 
10 
11 5 3 1 2 1 0 10
12 6 33 3 4 2 1
2 2 
7 11 1 2 0 0 2 4 5 3 1 4 0 1
7 11 1 2 0 2 2 4 5 3 1 4 0 1
0.5 
10 
10 
13 5 3 1 2 0 0 10

weights
1
1
1
1
1
1
1
1
1
1
1
1
1
1
1
1
1
1
1
1
1
1
1
1
1
1
1
1
1
1
1
1
1
1
1
1
1
1
1
1
1
1
1
1
1
1
1
1
1
1
1
1
1
1
1
1
1
1
1
1
1
1
1
1
1
1
1
1
1
1
1
1
1
1
1
1
1
1
1
1
1
1
1
1
1
1
1
1
1
1
1
1
1
1
1
1
1
1
1
1
1
1
1
1
1
1
1
1
1
1
1
1
1
1
1
1
1
1
1
1
1
1
1
1
1
1
1
1
1
1
1
1
1
1
1
1
1
1
1
1
1
1
1
1
1
1
1
1
1
1
1
1
1
1
1
1
1
1
1
1
1
1
1
1
1
1
1
1
1
1
1
1
1
1
1
1
1
1
1
1
1
1
1
1
1
1
1
1
1
1
1
1
1
1
1
1
1
1
1
1
1
1
1
1
1
1
1
1
1
1
1
1
1
1
1
1
1
1
1
1
1
1
1
1
1
1
1
1
1
1
1
1
1
1
1
1
1
1
1
1
1
1
1
1
1
1
1
1
1
1
1
1
1
1
1
1
1
1
1
1
1
1
1
1
1
1
1
1
1
1
1
1
1
1
1
1
1
1
1
1
1
1
1
1
1
1
1
1
1
1
1
1
1
1
1
1
1
1
1
1
1
1
1
1
1
1
1
1
1
1
1
1
1
1
1
1
1
1
1
1
1
1
1
1
1
1
1
1
1
1
1
1
1
1
1
1
1
1
1
1
1
1
1
1
1
1
1
1
1
1
1
1
1
1
1
1
1
1
1
1
1
1
1
1
1
1
1
1
1
1
1
1
1
1
1
1
1
1
1
1
1
1
1
1
1
1
1
1
1
1
1
1
1
1
1
1
1
1
1
1
1
1
1
1
1
1
1
1
1
1
1
1
1
1
1
1
1
1
1
1
1
1
1
1
1
1
1
1
1
1
1
1
1
1
1
1
1
1
1
1
1
1
1
1
1
1
1
1
1
1
1
1
1
1
1
1
1
1
1
1
1
1
1
1
1
1
1
1
1
1
1
1
1
1
1
1
1
1
1
1
1
1
1
1
1
1
1
1
1
1
1
1
1
1
1
1
1
1
1
1
1
1
1
1
1
1
1
1
1
1
1
1
1
1
1
1
1
1
1
1
1
1
1
1
1
1
1
1
1
1
1
1
1
1
1
1
1
1
1
1
1
1
1
1
1
1
1
1
1
1
1
1
1
1
1
1
1
1
1
1
1
1
1
1
1
1
1
1
1
1
1
1
1
1
1
1
1
1
1
1
1
1
1
1
1
1
1
1
1
1
1
1
1
1
1
1
1
1
1
1
1
1
1
1
1
1
1
1
1
1
1
1
1
1
1
1
1
1
1
1
1
1
1
1
1
1
1
1
1
1
1
1
1
1
1
1
1
1
1
1
1
1
1
1
1
1
1
1
1
1
1
1
1
1
1
1
1
1
1
1
1
1
1
1
1
1
1
1
1
1
1
1
1
1
1
1
1
1
1
1
1
1
1
1
1
1
1
1
1
1
1
1
1
1
1
1
1
1
1
1
1
1
1
1
1
1
1
1
1
1
1
1
1
1
1
1
1
1
1
1
1
1
1
1
1
1
1
1
1
1
1
1
1
1
1
1
1
1
1
1
1
1
1
1
1
1
1
1
1
1
1
1
1
1
1
1
1
1
1
1
1
1
1
1
1
1
1
1
1
1
1
1
1
1
1
1
1
1
1
1
1
1
1
1
1
1
1
1
1
1
1
1
1
1
1
1
1
1
1
1
1
1
1
1
1
1
1
1
1
1
1
1
1
1
1
1
1
1
1
1
1
1
1
1
1
1
1
1
1
1
1
1
1
1
1
1
1
1
1
1
1
1
1
1
1
1
1
1
1
1
1
1
1
1
1
1
1
1
1
1
1
1
1
1
1
1
1
1
1
1
1
1
1
1
1
1
1
1
1
1
1
1
1
1
1
1
1
1
1
1
1
1
1
1
1
1
1
1
1
1
1
1
1
1
1
1
1
1
1
1
1
1
1
1
1
1
1
1
1
1
1
1
1
1
1
1
1
1
1
1
1
1
1
1
1
1
1
1
1
1
1
1
1
1
1
1
1
1
1
1
1
1
1
1
1
1
1
1
1
1
1
1
1
1
1
1
1
1
1
1
1
1
1
1
1
1
1
1
1
1
1
1
1
1
1
1
1
1
1
1
1
1
1
1
1
1
1
1
1
1
1
1
1
1
1
1
1
1
1
1
1
1
1
1
1
1
1
1
1
1
1
1
1
1
1
1
1
1
1
1
1
1
1
1
1
1
1
1
1
1
1
1
1
1
1
1
1
1
1
1
1
1
1
1
1
1
1
1
1
1
1
1
1
1
1
1
1
1
1
1
1
1
1
1
1
1
1
1
1
1
1
1
1
1
1
1
1
1
1
1
1
1
1
1
1
1
1
1
1
1
1
1
1
1
1
1
1
1
1
1
1
1
1
1
1
1
1
1
1
1
1
1
1
1
1
1
1
1
1
1
1
1
1
1
1
1
1
1
1
1
1
1
1
1
1
1
1
1
1
1
1
1
1
1
1
1
1
1
1
1
1
1
1
1
1
1
1
1
1
1
1
1
1
1
1
1
1
1
1
1
1
1
1
1
1
1
1
1
1
1
1
1
1
1
1
1
1
1
1
1
1
1
1
1
1
1
1
1
1
1
1
1
1
1
1
1
1
1
1
1
1
1
1
1
1
1
1
1
1
1
1
1
1
1
1
1
1
1
1
1
1
1
1
1
1
1
1
1
1
1
1
1
1
1
1
1
1
1
1
1
1
1
1
1
1
1
1
1
1
1
1
1
1
1
1
1
1
1
1
1
1
1
1
1
1
1
1
1
1
1
1
1
1
1
1
1
1
1
1
1
1
1
1
1
1
1
1
1
1
1
1
1
1
1
1
1
1
1
1
1
1
1
1
1
1
1
1
1
1
1
1
1
1
1
1
1
1
1
1
1
1
1
1
1
1
1
1
1
1
1
1
1
1
1
1
1
1
1
1
1
1
1
1
1
1
1
1
1
1
1
1
1
1
1
1
1
1
1
1
1
1
1
1
1
1
1
1
1
1
1
1
1
1
1
1
1
1
1
1
1
1
1
1
1
1
1
1
1
1
1
1
1
1
1
1
1
1
1
1
1
1
1
1
1
1
1
1
1
1
1
1
1
1
1
1
1
1
1
1
1
1
1
1
1
1
1
1
1
1
1
1
1
1
1
1
1
1
1
1
1
1
1
1
1
1
1
1
1
1
1
1
1
1
1
1
1
1
1
1
1
1
1
1
1
1
1
1
1
1
1
1
1
1
1
1
1
1
1
1
1
1
1
1
1
1
1
1
1
1
1
1
1
1
1
1
1
1
1
1
1
1
1
1
1
1
1
1
1
1
1
1
1
1
1
1
1
1
1
1
1
1
1
1
1
1
1
1
1
1
1
1
1
1
1
1
1
1
1
1
1
1
1
1
1
1
1
1
1
1
1
1
1
1
1
1
1
1
1
1
1
1
1
1
1
1
1
1
1
1
1
1
1
1
1
1
1
1
1
1
1
1
1
1
1
1
1
1
1
1
1
1
1
1
1
1
1
1
1
1
1
1
1
1
1
1
1
1
1
1
1
1
1
1
1
1
1
1
1
1
1
1
1
1
1
1
1
1
1
1
1
1
1
1
1
1
1
1
1
1
1
1
1
1
1
1
1
1
1
1
1
1
1
1
1
1
1
1
1
1
1
1
1
1
1
1
1
1
1
1
1
1
1
1
1
1
1
1
1
1
1
1
1
1
1
1
1
1
1
1
1
1
1
1
1
1
1
1
1
1
1
1
1
1
1
1
1
1
1
1
1
1
1
1
1
1
1
1
1
1
1
1
1
1
1
1
1
1
1
1
1
1
1
1
1
1
1
1
1
1
1
1
1
1
1
1
1
1
1
1
1
1
1
1
1
1
1
1
1
1
1
1
1
1
1
1
1
1
1
1
1
1
1
1
1
1
1
1
1
1
1
1
1
1
1
1
1
1
1
1
1
1
1
1
1
1
1
1
1
1
1
1
1
1
1
1
1
1
1
1
1
1
1
1
1
1
1
1
1
1
1
1
1
1
1
1
1
1
1
1
1
1
1
1
1
1
1
1
1
1
1
1
1
1
1
1
1
1
1
1
1
1
1
1
1
1
1
1
1
1
1
1
1
1
1
1
1
1
1
1
1
1
1
1
1
1
1
1
1
1
1
1
1
1
1
1
1
1
1
1
1
1
1
1
1
1
1
1
1
1
1
1
1
1
1
1
1
1
1
1
1
1
1
1
1
1
1
1
1
1
1
1
1
1
1
1
1
1
1
1
1
1
1
1
1
1
1
1
1
1
1
1
1
1
1
1
1
1
1
1
1
1
1
1
1
1
1
1
1
1
1
1
1
1
1
1
1
1
1
1
1
1
1
1
1
1
1
1
1
1
1
1
1
1
1
1
1
1
1
1
1
1
1
1
1
1
1
1
1
1
1
1
1
1
1
1
1
1
1
1
1
1
1
1
1
1
1
1
1
1
1
1
1
1
1
1
1
1
1
1
1
1
1
1
1
1
1
1
1
1
1
1
1
1
1
1
1
1
1
1
1
1
1
1
1
1
1
1
1
1
1
1
1
1
1
1
1
1
1
1
1
1
1
1
1
1
1
1
1
1
1
1
1
1
1
1
1
1
1
1
1
1
1
1
1
1
1
1
1
1
1
1
1
1
1
1
1
1
1
1
1
1
1
1
1
1
1
1
1
1
1
1
1
1
1
1
1
1
1
1
1
1
1
1
1
1
1
1
1
1
1
1
1
1
1
1
1
1
1
1
1
1
1
1
1
1
1
1
1
1
1
1
1
1
1
1
1
1
1
1
1
1
1
1
1
1
1
1
1
1
1
1
1
1
1
1
1
1
1
1
1
1
1
1
1
1
1
1
1
1
1
1
1
1
1
1
1
1
1
1
1
1
1
1
1
1
1
1
1
1
1
1
1
1
1
1
1
1
1
1
1
1
1
1
1
1
1
1
1
1
1
1
1
1
1
1
1
1
1
1
1
1
1
1
1
1
1
1
1
1
1
1
1
1
1
1
1
1
1
1
1
1
1
1
1
1
1
1
1
1
1
1
1
1
1
1
1
1
1
1
1
1
1
1
1
1
1
1
1
1
1
1
1
1
1
1
1
1
1
1
1
1
1
1
1
1
1
1
1
1
1
1
1
1
1
1
1
1
1
1
1
1
1
1
1
1
1
1
1
1
1
1
1
1
1
1
1
1
1
1
1
1
1
1
1
1
1
1
1
1
1
1
1
1
1
1
1
1
1
1
1
1
1
1
1
1
1
1
1
1
1
1
1
1
1
1
1
1
1
1
1
1
1
1
1
1
1
1
1
1
1
1
1
1
1
1
1
1
1
1
1
1
1
1
1
1
1
1
1
1
1
1
1
1
1
1
1
1
1
1
1
1
1
1
1
1
1
1
1
1
1
1
1
1
1
1
1
1
1
1
1
1
1
1
1
1
1
1
1
1
1
1
1
1
1
1
1
1
1
1
1
1
1
1
1
1
1
1
1
1
1
1
1
1
1
1
1
1
1
1
1
1
1
1
1
1
1
1
1
1
1
1
1
1
1
1
1
1
1
1
1
1
1
1
1
1
1
1
1
1
1
1
1
1
1
1
1
1
1
1
1
1
1
1
1
1
1
1
1
1
1
1
1
1
1
1
1
1
1
1
1
1
1
1
1
1
1
1
1
1
1
1
1
1
1
1
1
1
1
1
1
1
1
1
1
1
1
1
1
1
1
1
1
1
1
1
1
1
1
1
1
1
1
1
1
1
1
1
1
1
1
1
1
1
1
1
1
1
1
1
1
1
1
1
1
1
1
1
1
1
1
1
1
1
1
1
1
1
1
1
1
1
1
1
1
1
1
1
1
1
1
1
1
1
1
1
1
1
1
1
1
1
1
1
1
1
1
1
1
1
1
1
1
1
1
1
1
1
1
1
1
1
1
1
1
1
1
1
1
1
1
1
1
1
1
1
1
1
1
1
1
1
1
1
1
1
1
1
1
1
1
1
1
1
1
1
1
1
1
1
1
1
1
1
1
1
1
1
1
1
1
1
1
1
1
1
1
1
1
1
1
1
1
1
1
1
1
1
1
1
1
1
1
1
1
1
1
1
1
1
1
1
1
1
1
1
1
1
1
1
1
1
1
1
1
1
1
1
1
1
1
1
1
1
1
1
1
1
1
1
1
1
1
1
1
1
1
1
1
1
1
1
1
1
1
1
1
1
1
1
1
1
1
1
1
1
1
1
1
1
1
1
1
1
1
1
1
1
1
1
1
1
1
1
1
1
1
1
1
1
1
1
1
1
1
1
1
1
1
1
1
1
1
1
1
1
1
1
1
1
1
1
1
1
1
1
1
1
1
1
1
1
1
1
1
1
1
1
1
1
1
1
1
1
1
1
1
1
1
1
1
1
1
1
1
1
1
1
1
1
1
1
1
1
1
1
1
1
1
1
1
1
1
1
1
1
1
1
1
1
1
1
1
1
1
1
1
1
1
1
1
1
1
1
1
1
1
1
1
1
1
1
1
1
1
1
1
1
1
1
1
1
1
1
1
1
1
1
1
1
1
1
1
1
1
1
1
1
1
1
1
1
1
1
1
1
1
1
1
1
1
1
1
1
1
1
1
1
1
1
1
1
1
1
1
1
1
1
1
1
1
1
1
1
1
1
1
1
1
1
1
1
1
1
1
1
1
1
1
1
1
1
1
1
1
1
1
1
1
1
1
1
1
1
1
1
1
1
1
1
1
1
1
1
1
1
1
1
1
1
1
1
1
1
1
1
1
1
1
1
1
1
1
1
1
1
1
1
1
1
1
1
1
1
1
1
1
1
1
1
1
1
1
1
1
1
1
1
1
1
1
1
1
1
1
1
1
1
1
1
1
1
1
1
1
1
1
1
1
1
1
1
1
1
1
1
1
1
1
1
1
1
1
1
1
1
1
1
1
1
1
1
1
1
1
1
1
1
1
1
1
1
1
1
1
1
1
1
1
1
1
1
1
1
1
1
1
1
1
1
1
1
1
1
1
1
1
1
1
1
1
1
1
1
1
1
1
1
1
1
1
1
1
1
1
1
1
1
1
1
1
1
1
1
1
1
1
1
1
1
1
1
1
1
1
1
1
1
1
1
1
1
1
1
1
1
1
1
1
1
1
1
1
1
1
1
1
1
1
1
1
1
1
1
1
1
1
1
1
1
1
1
1
1
1
1
1
1
1
1
1
1
1
1
1
1
1
1
1
1
1
1
1
1
1
1
1
1
1
1
1
1
1
1
1
1
1
1
1
1
1
1
1
1
1
1
1
1
1
1
1
1
1
1
1
1
1
1
1
1
1
1
1
1
1
1
1
1
1
1
1
1
1
1
1
1
1
1
1
1
1
1
1
1
1
1
1
1
1
1
1
1
1
1
1
1
1
1
1
1
1
1
1
1
1
1
1
1
1
1
1
1
1
1
1
1
1
1
1
1
1
1
1
1
1
1
1
1
1
1
1
1
1
1
1
1
1
1
1
1
1
1
1
1
1
1
1
1
1
1
1
1
1
1
1
1
1
1
1
1
1
1
1
1
1
1
1
1
1
1
1
1
1
1
1
1
1
1
1
1
1
1
1
1
1
1
1
1
1
1
1
1
1
1
1
1
1
1
1
1
1
1
1
1
1
1
1
1
1
1
1
1
1
1
1
1
1
1
1
1
1
1
1
1
1
1
1
1
1
1
1
1
1
1
1
1
1
1
1
1
1
1
1
1
1
1
1
1
1
1
1
1
1
1
1
1
1
1
1
1
1
1
1
1
1
1
1
1
1
1
1
1
1
1
1
1
1
1
1
1
1
1
1
1
1
1
1
1
1
1
1
1
1
1
1
1
1
1
1
1
1
1
1
1
1
1
1
1
1
1
1
1
1
1
1
1
1
1
1
1
1
1
1
1
1
1
1
1
1
1
1
1
1
1
1
1
1
1
1
1
1
1
1
1
1
1
1
1
1
1
1
1
1
1
1
1
1
1
1
1
1
1
1
1
1
1
1
1
1
1
1
1
1
1
1
1
1
1
1
1
1
1
1
1
1
1
1
1
1
1
1
1
1
1
1
1
1
1
1
1
1
1
1
1
1
1

FiniteElementSpace
FiniteElementCollection: NURBS3
VDim: 2
Ordering: 1

0 0
0 4
4 0
4 4
2 0
2 4
0 1
2 1
4 1
0 2
2 2
4 2
0 3
2 3
1 1
1 2
0.5 2
0.5 3
0.5 4
1.5 2
1.5 3
1.5 4
0.75 3
0.75 4
1.25 3
1.25 4
0.142857142857143 0
0.285714285714286 0
0.428571428571429 0
0.571428571428571 0
0.714285714285714 0
0.857142857142857 0
1 0
1.14285714285714 0
1.28571428571429 0
1.42857142857143 0
1.57142857142857 0
1.71428571428571 0
1.85714285714286 0
0 0.8
0 0.6
0 0.4
0 0.2
2 0.2
2 0.4
2 0.6
2 0.8
0.166666666666667 1
0.333333333333334 1
0.5 1
0.68993673166199 1
0.75 1
0.810063268338011 1
1.18993673166199 1
1.25 1
1.43993673166199 1
1.5 1
1.66666666666667 1
1.83333333333333 1
1.83108782471428 0.799955859253277
1.66622239899134 0.805202026616276
1.5146266461354 0.826791013749884
1.38729899398148 0.8386793628521
1.2456401785856 0.845794608746362
1.13635582499849 0.879981533540948
0.998722694357096 0.87366939493116
0.858775117325033 0.87553049456572
0.749265037160994 0.876265096741385
0.638670671296904 0.857085679194325
0.492347938183872 0.83464459860458
0.334846799879638 0.811313528724311
0.171223399321501 0.802651262022522
0.158870292566592 0.196914546938322
0.313767699908005 0.195990296944958
0.453184168050956 0.159995599887085
0.592395886474852 0.149005571794955
0.732219492594486 0.147680086786934
0.872686851041311 0.149950279424243
1.01327478129321 0.153145808130379
1.15513153941035 0.156814387428771
1.29582584348695 0.157596041537453
1.43281725500154 0.154076849165778
1.56430495574873 0.150109440864299
1.69205748459436 0.189078793159728
1.84082569591078 0.194487577168971
0.17472058453046 0.603366586268378
0.17734796001293 0.399057637676228
1.8244725953792 0.397996908896938
1.82598211175706 0.601254171672146
1.66076674496412 0.606437021244327
1.50578157062999 0.646048482660976
1.3550516014498 0.667724457721382
1.192773339004 0.681180186769616
0.875050010288696 0.741700272287286
1.00263074553696 0.750592852584679
0.750000137061975 0.73475934480404
0.625373520176699 0.70871038758456
0.485866607421139 0.672869362958189
0.339430641471246 0.617003797631744
0.356362146659871 0.408813544101465
0.480893039602689 0.31199118156719
0.615680840468187 0.296082276013764
0.749270539963195 0.295447710809524
0.885917063571023 0.301392854120269
1.02618772240729 0.307423799922396
1.16949402859451 0.317926360465119
1.31189049993432 0.320751023882004
1.44599925896575 0.30820082056896
1.55942408187115 0.283979652570824
1.64931193501172 0.393530550478595
1.49036767462645 0.464403487503292
1.33996013602809 0.490078887413936
0.754097380319926 0.588228798273223
0.891935130733158 0.601530924727257
0.494384134909577 0.523776449632713
0.626645697562901 0.567764793394456
0.53579985492852 0.420904137897682
0.640445111189145 0.436522587715783
0.761161772874386 0.442884775842234
0.892318189957186 0.453212050499576
1.0371669793213 0.625489393048299
1.11323282658124 0.77102203391983
1.03421868113124 0.468648080263873
1.18668241503252 0.494019187905213
4 0.0666666666666668
4 0.133333333333334
4 0.2
4 0.266666666666667
4 0.333333333333334
4 0.4
4 0.466666666666667
4 0.533333333333334
4 0.6
4 0.666666666666667
4 0.733333333333334
4 0.8
4 0.866666666666667
4 0.933333333333333
2.13333333333333 1
2.26666666666667 1
2.4 1
2.53333333333333 1
2.66666666666667 1
2.8 1
2.93333333333333 1
3.06666666666667 1
3.2 1
3.33333333333333 1
3.46666666666667 1
3.6 1
3.73333333333333 1
3.86666666666667 1
3.86666666666667 0
3.73333333333333 0
3.6 0
3.46666666666667 0
3.33333333333333 0
3.2 0
3.06666666666667 0
2.93333333333333 0
2.8 0
2.66666666666667 0
2.53333333333333 0
2.4 0
2.26666666666667 0
2.13333333333333 0
4 1.03333333333333
4 1.06666666666667
4 1.1
4 1.14507983406108
4 1.19015966812216
4 1.23523950218324
4 1.29620524535247
4 1.3571709885217
4 1.41813673169094
4 1.50058649925532
4 1.5830362668197
4 1.66548603438408
4 1.77699068958939
4 1.88849534479469
2.13333333333333 2
2.26666666666667 2
2.4 2
2.53333333333333 2
2.66666666666667 2
2.8 2
2.93333333333333 2
3.06666666666667 2
3.2 2
3.33333333333333 2
3.46666666666667 2
3.6 2
3.73333333333333 2
3.86666666666667 2
2 1.03333333333333
2 1.06666666666667
2 1.1
2 1.14507983406108
2 1.19015966812216
2 1.23523950218324
2 1.29620524535247
2 1.3571709885217
2 1.41813673169094
2 1.50058649925532
2 1.5830362668197
2 1.66548603438408
2 1.77699068958939
2 1.88849534479469
3.86666666666667 4
3.73333333333334 4
3.6 4
3.46666666666667 4
3.33333333333333 4
3.2 4
3.06666666666667 4
2.93333333333333 4
2.8 4
2.66666666666667 4
2.53333333333333 4
2.4 4
2.26666666666666 4
2.13333333333333 4
4 3.93333333333333
4 3.86666666666667
4 3.8
4 3.73333333333333
4 3.66666666666667
4 3.6
4 3.53333333333333
4 3.46666666666667
4 3.4
4 3.33333333333333
4 3.26666666666667
4 3.2
4 3.13333333333333
4 3.06666666666667
4 3
4 2.93333333333333
4 2.86666666666667
4 2.8
4 2.73333333333333
4 2.66666666666667
4 2.6
4 2.53333333333333
4 2.46666666666667
4 2.4
4 2.33333333333333
4 2.26666666666667
4 2.2
4 2.13333333333333
4 2.06666666666667
1 1.03333333333333
1 1.06666666666667
1 1.1
1 1.14507983406108
1 1.19015966812216
1 1.23523950218324
1 1.29620524535247
1 1.3571709885217
1 1.41813673169094
1 1.50058649925532
1 1.5830362668197
1 1.66548603438408
1 1.77699068958939
1 1.88849534479469
0 1.03333333333333
0 1.06666666666667
0 1.1
0 1.14507983406108
0 1.19015966812216
0 1.23523950218324
0 1.29620524535247
0 1.3571709885217
0 1.41813673169094
0 1.50058649925532
0 1.5830362668197
0 1.66548603438408
0 1.77699068958939
0 1.88849534479469
0.0555555555555557 2
0.111111111111111 2
0.166666666666667 2
0.222222222222222 2
0.277777777777778 2
0.333333333333333 2
0.388888888888889 2
0.444444444444444 2
0.5 2.06666666666667
0.5 2.13333333333333
0.5 2.2
0.5 2.26666666666667
0.5 2.33333333333333
0.5 2.4
0.5 2.46666666666667
0.5 2.53333333333333
0.5 2.6
0.5 2.66666666666667
0.5 2.73333333333333
0.5 2.8
0.5 2.86666666666667
0.5 2.93333333333333
0.0555555555555557 3
0.111111111111111 3
0.166666666666667 3
0.222222222222222 3
0.277777777777778 3
0.333333333333333 3
0.388888888888889 3
0.444444444444444 3
0 2.06666666666667
0 2.13333333333333
0 2.2
0 2.26666666666667
0 2.33333333333333
0 2.4
0 2.46666666666667
0 2.53333333333333
0 2.6
0 2.66666666666667
0 2.73333333333333
0 2.8
0 2.86666666666667
0 2.93333333333333
0 3.93333333333333
0 3.86666666666667
0 3.8
0 3.73333333333333
0 3.66666666666667
0 3.6
0 3.53333333333333
0 3.46666666666667
0 3.4
0 3.33333333333333
0 3.26666666666667
0 3.2
0 3.13333333333333
0 3.06666666666667
0.5 3.06666666666667
0.5 3.13333333333333
0.5 3.2
0.5 3.26666666666667
0.5 3.33333333333333
0.5 3.4
0.5 3.46666666666667
0.5 3.53333333333333
0.5 3.6
0.5 3.66666666666667
0.5 3.73333333333333
0.5 3.8
0.5 3.86666666666667
0.5 3.93333333333333
0.0555555555555553 4
0.111111111111111 4
0.166666666666667 4
0.222222222222222 4
0.277777777777778 4
0.333333333333333 4
0.388888888888889 4
0.444444444444445 4
1.5 2.06666666666667
1.5 2.13333333333333
1.5 2.2
1.5 2.26666666666667
1.5 2.33333333333333
1.5 2.4
1.5 2.46666666666667
1.5 2.53333333333333
1.5 2.6
1.5 2.66666666666667
1.5 2.73333333333333
1.5 2.8
1.5 2.86666666666667
1.5 2.93333333333333
2 2.06666666666667
2 2.13333333333333
2 2.2
2 2.26666666666667
2 2.33333333333333
2 2.4
2 2.46666666666667
2 2.53333333333333
2 2.6
2 2.66666666666667
2 2.73333333333333
2 2.8
2 2.86666666666667
2 2.93333333333333
1.94444444444444 3
1.88888888888889 3
1.83333333333333 3
1.77777777777778 3
1.72222222222222 3
1.66666666666667 3
1.61111111111111 3
1.55555555555556 3
1.94444444444444 2
1.88888888888889 2
1.83333333333333 2
1.77777777777778 2
1.72222222222222 2
1.66666666666667 2
1.61111111111111 2
1.55555555555556 2
1.94444444444444 4
1.88888888888889 4
1.83333333333333 4
1.77777777777778 4
1.72222222222222 4
1.66666666666667 4
1.61111111111111 4
1.55555555555556 4
1.5 3.06666666666667
1.5 3.13333333333333
1.5 3.2
1.5 3.26666666666667
1.5 3.33333333333333
1.5 3.4
1.5 3.46666666666667
1.5 3.53333333333333
1.5 3.6
1.5 3.66666666666667
1.5 3.73333333333333
1.5 3.8
1.5 3.86666666666667
1.5 3.93333333333333
2 3.93333333333333
2 3.86666666666667
2 3.8
2 3.73333333333333
2 3.66666666666667
2 3.6
2 3.53333333333333
2 3.46666666666667
2 3.4
2 3.33333333333333
2 3.26666666666667
2 3.2
2 3.13333333333333
2 3.06666666666667
0.56331224388733 3
0.62662448777466 3
0.68993673166199 3
0.709957821107993 3
0.729978910553997 3
0.75 3.06666666666667
0.75 3.13333333333333
0.75 3.2
0.75 3.26666666666667
0.75 3.33333333333333
0.75 3.4
0.75 3.46666666666667
0.75 3.53333333333333
0.75 3.6
0.75 3.66666666666667
0.75 3.73333333333333
0.75 3.8
0.75 3.86666666666667
0.75 3.93333333333333
0.563312243887331 4
0.62662448777466 4
0.689936731661989 4
0.709957821107993 4
0.729978910553996 4
0.770021089446004 3
0.790042178892007 3
0.810063268338011 3
0.87337551222534 3
0.936687756112669 3
0.999999999999999 3
1.06331224388733 3
1.12662448777466 3
1.18993673166199 3
1.20995782110799 3
1.229978910554 3
1.25 3.06666666666667
1.25 3.13333333333333
1.25 3.2
1.25 3.26666666666667
1.25 3.33333333333333
1.25 3.4
1.25 3.46666666666667
1.25 3.53333333333333
1.25 3.6
1.25 3.66666666666667
1.25 3.73333333333333
1.25 3.8
1.25 3.86666666666667
1.25 3.93333333333333
0.770021089446003 4
0.790042178892007 4
0.81006326833801 4
0.87337551222534 4
0.936687756112669 4
0.999999999999999 4
1.06331224388733 4
1.12662448777466 4
1.18993673166199 4
1.20995782110799 4
1.229978910554 4
1.479978910554 4
1.45995782110799 4
1.43993673166199 4
1.37662448777466 4
1.31331224388733 4
1.479978910554 3
1.45995782110799 3
1.43993673166199 3
1.37662448777466 3
1.31331224388733 3
1.94444444444445 1
1.88888888888889 1
1.83258483046032 0.933318619751093
1.8318363275873 0.866637239502184
1.94369594157143 0.799985286417759
1.88739188314285 0.799970572835518
2 0.933333333333333
2 0.866666666666667
1.66651857744156 0.935067342205426
1.66637048821645 0.87013468441085
1.77613268280664 0.80170458170761
1.72117754089899 0.803453304161944
1.72222222222222 1
1.77777777777778 1
1.55555555555556 1
1.61111111111111 1
1.5048755487118 0.942263671249962
1.5097510974236 0.884527342499922
1.6156904813727 0.812398355660813
1.56515856375405 0.819594684705348
1.45995782110799 1
1.479978910554 1
1.42239081910182 0.946226454284034
1.40484490654165 0.892452908568066
1.47218409541743 0.830753796783957
1.42974154469945 0.834716579818028
1.31331224388733 1
1.37662448777466 1
1.2485467261952 0.948598202915454
1.2470934523904 0.897196405830908
1.34007938884952 0.841051111483521
1.29285978371756 0.843422860114941
1.17207642944082 0.959993844513649
1.15421612721965 0.919987689027299
1.20921206072323 0.857190250344557
1.17278394286086 0.868585891942753
1.20995782110799 1
1.229978910554 1
1.06331224388733 1
1.12662448777466 1
0.999574231452367 0.957889798310388
0.99914846290473 0.915779596620772
1.09047811478469 0.877877487337686
1.04460040457089 0.875773441134422
0.826300551333685 0.958510164855241
0.842537834329358 0.917020329710479
0.952073502013074 0.874289761476013
0.905424309669055 0.874910128020868
0.93668775611267 1
0.873375512225341 1
0.749755012386998 0.95875503224713
0.749510024773996 0.917510064494255
0.822271757270353 0.875775361957608
0.785768397215675 0.876020229349498
0.770021089446004 1
0.790042178892007 1
0.672848044873629 0.952361893064776
0.655759358085265 0.90472378612955
0.712400248539631 0.869871957559032
0.675535459918268 0.863478818376679
0.709957821107993 1
0.729978910553997 1
0.497449312727958 0.944881532868193
0.494898625455915 0.889763065736387
0.589896426925893 0.849605318997744
0.541122182554883 0.842124958801162
0.56331224388733 1
0.62662448777466 1
0.333837822182102 0.937104509574771
0.334342311030869 0.87420901914954
0.439847558749127 0.826867575311156
0.387347179314383 0.819090552017735
0.388888888888889 1
0.444444444444445 1
0.168185577551612 0.934217087340842
0.169704488436556 0.86843417468168
0.280305666360258 0.808426106490381
0.22576453284088 0.805538684256453
0.222222222222223 1
0.277777777777778 1
0 0.933333333333333
0 0.866666666666667
0.0570744664405002 0.800883754007509
0.114148932881 0.801767508015014
0.0555555555555557 1
0.111111111111111 1
0.0476190476190477 0
0.0952380952380952 0
0.148194859426959 0.065638182312774
0.153532575996776 0.131276364625548
0.052956764188864 0.198971515646108
0.105913528377728 0.197943031292215
0 0.0666666666666669
0 0.133333333333333
0.19047619047619 0
0.238095238095238 0
0.295065423778859 0.0653300989816526
0.304416561843432 0.130660197963305
0.210502761680396 0.196606463607201
0.2621352307942 0.196298380276079
0.436775675064604 0.0533318666290283
0.44497992155778 0.106663733258057
0.360239855955655 0.183992064592333
0.406712012003306 0.171993832239709
0.333333333333333 0
0.380952380952381 0
0.476190476190476 0
0.523809523809524 0
0.578417676443999 0.0496685239316517
0.585406781459425 0.099337047863303
0.499588074192255 0.156332257189708
0.545991980333553 0.152668914492331
0.619047619047619 0
0.666666666666666 0
0.720263640388638 0.0492266955956449
0.726241566491562 0.0984533911912895
0.639003755181397 0.148563743458948
0.685611623887941 0.148121915122941
0.761904761904762 0
0.809523809523809 0
0.862324188442342 0.0499834264747478
0.867505519741827 0.0999668529494955
0.779041945410095 0.148436817666038
0.825864398225702 0.14919354854514
0.904761904761905 0
0.952380952380952 0
1.00442492709774 0.0510486027101263
1.00884985419547 0.102097205420252
0.91954949445861 0.151015455659622
0.966412137875907 0.152080631895
1.14694860837488 0.0522714624762571
1.15104007389262 0.104542924952514
1.06056036733226 0.154368667896509
1.10784595337131 0.15559152766264
1.04761904761905 0
1.09523809523809 0
1.28908480497184 0.0525320138458177
1.2924553242294 0.105064027691635
1.20202964076922 0.157074938798332
1.24892774212809 0.157335490167892
1.19047619047619 0
1.23809523809524 0
1.42998670404813 0.0513589497219261
1.43140197952484 0.102717899443852
1.34148964732515 0.156422977413561
1.38715345116335 0.15524991328967
1.33333333333333 0
1.38095238095238 0
1.56905403286863 0.0500364802880999
1.56667949430868 0.1000729605762
1.47664648858394 0.152754379731952
1.52047572216634 0.151431910298126
1.47619047619047 0
1.52380952380953 0
1.61904761904762 0
1.66666666666666 0
1.7068763043886 0.0630262643865761
1.69946689449148 0.126052528773152
1.60688913203061 0.163099224962776
1.64947330831249 0.176089009061252
1.76190476190476 0
1.80952380952381 0
1.85170380339883 0.0648291923896569
1.84626474965481 0.129658384779314
1.7416468883665 0.190881721162809
1.79123629213864 0.192684649165889
2 0.0666666666666666
2 0.133333333333333
1.94694189863693 0.19816252572299
1.89388379727385 0.19632505144598
1.95238095238095 0
1.9047619047619 0
0 0.733333333333334
0 0.666666666666666
0.0582401948434866 0.601122195422794
0.116480389686973 0.602244390845585
0.172389127724487 0.736223036771141
0.173554856127473 0.669794811519759
0 0.533333333333333
0 0.466666666666666
0.0591159866709767 0.39968587922541
0.118231973341953 0.399371758450818
0.17559637635795 0.535263603404329
0.17647216818544 0.467160620540277
0.165029515048705 0.26429557718429
0.171188737530817 0.331676607430259
0 0.333333333333333
0 0.266666666666667
2 0.266666666666667
2 0.333333333333333
1.9414908651264 0.399332302965646
1.8829817302528 0.398664605931292
1.83537466240025 0.262324021078293
1.82992362888972 0.330160464987615
2 0.466666666666667
2 0.533333333333333
1.94199403725235 0.600418057224049
1.88398807450471 0.600836114448098
1.82497576750515 0.465749329822008
1.82547893963111 0.533501750747077
1.82938592039521 0.733721963392901
1.82768401607614 0.667488067532523
2 0.666666666666667
2 0.733333333333333
1.66440384764894 0.738947024825627
1.66258529630653 0.672692023034977
1.77091032282608 0.602981788196206
1.7158385338951 0.604709404720268
1.5116782876336 0.766543503386915
1.50872992913179 0.706295993023945
1.60910502018608 0.619640841716544
1.55744329540803 0.632844662188759
1.37654986313759 0.781694394475195
1.36580073229369 0.724709426098287
1.45553824756993 0.653273807681111
1.40529492450986 0.660499132701246
1.22801789872507 0.790923134754114
1.21039561886453 0.736051660761865
1.3009588473012 0.67220970073746
1.2468660931526 0.676694943753538
0.864200081646255 0.83092042047291
0.869625045967474 0.786310346380096
0.917576922038117 0.744664465719751
0.960103833787535 0.747628659152215
1.00002537808372 0.832643880815667
1.00132806181033 0.791618366700172
0.749510070461322 0.82909651276227
0.749755103761647 0.781927928783155
0.833366719213122 0.739386629792871
0.79168342813755 0.737072987298455
0.634238287590169 0.807627248657737
0.629805903883435 0.758168818121148
0.70845793143355 0.726076359064213
0.666915725805125 0.717393373324388
0.490187494596295 0.780719520055784
0.488027051008716 0.726794441506985
0.578871215924846 0.69676337937577
0.532368911672993 0.68481637116698
0.33637474707684 0.746543618360123
0.337902694274043 0.681773707995932
0.437054618771174 0.654247507849373
0.388242630121211 0.63562565274056
0.229623936844055 0.607912323389501
0.28452728915765 0.612458060510621
0.327965848825294 0.26693137933046
0.342163997742582 0.337872461715962
0.23701935556191 0.402309606484641
0.29669075111089 0.405561575293052
0.4624204585682 0.210660793780453
0.471656749085445 0.261325987673822
0.397872444307477 0.376539423256707
0.439382741955084 0.344265302411948
0.600157537805964 0.198031139867891
0.607919189137075 0.247056707940828
0.525822306557855 0.306688213049382
0.570751573513021 0.301385244531573
0.737903175050723 0.196935961461131
0.743586857506959 0.246191836135327
0.660210740299857 0.295870754279017
0.704740640131525 0.29565923254427
0.877096921884549 0.200431137656252
0.881506992727785 0.250911995888261
0.794819381165805 0.297429425246439
0.840368222368414 0.299411139683354
1.0175790949979 0.204571805394385
1.0218834087026 0.25599780265839
0.93267394984978 0.303403169387645
0.979430836128536 0.30541348465502
1.15991903580508 0.210518378440887
1.16470653219979 0.264222369453003
1.07395649113636 0.310924653436637
1.12172525986544 0.314425506950878
1.30118072896941 0.211981035652304
1.30653561445186 0.266366029767154
1.21695951904111 0.318867914937414
1.26442500948772 0.319809469409709
1.43721125632295 0.205451506300173
1.44160525764435 0.256826163434566
1.35659341961146 0.316567622777656
1.40129633928861 0.312384221673309
1.56267799778954 0.194732844766474
1.56105103983034 0.239356248668649
1.48380753326755 0.300127097902915
1.52161580756935 0.29205337523687
1.67780896806682 0.257229378932684
1.66356045153927 0.325379964705639
1.58938669958468 0.320496618540081
1.6193493172982 0.357013584509338
1.76608570859004 0.396508122757489
1.70769882180088 0.395019336618043
0.345074476534121 0.547607046454984
0.350718311596996 0.478210295278225
1.65694847497999 0.535468197655749
1.65313020499586 0.464499374067173
1.50064360529547 0.585500150941747
1.49550563996096 0.524951819222521
1.5963305148833 0.417154862820161
1.54334909475487 0.440779175161726
1.35002111297589 0.6085092676189
1.34499062450199 0.549294077516419
1.44023182842699 0.472961954140174
1.39009598222754 0.481520420777054
0.751365884814627 0.685915829293769
0.752731632567275 0.637072313783495
0.800043297124338 0.592662840424568
0.845989213928746 0.597096882575912
0.880678383770184 0.694977156433944
0.88630675725167 0.6482540405806
0.488705783250619 0.623171725183031
0.491544959080098 0.573474087407872
0.538471322460686 0.538439230886628
0.582558510011793 0.553102012140541
0.625797579305433 0.661728522854526
0.626221638434167 0.61474665812449
0.40236947607644 0.447134512611882
0.448376805493009 0.485455481122297
0.499195311377967 0.348295500344021
0.517497583153243 0.384599819120851
0.508189374915891 0.489485679054369
0.521994614922206 0.455194908476026
0.623935597375174 0.342895713247771
0.632190354282159 0.389709150481776
0.570681607015396 0.426110287837049
0.60556335910227 0.431316437776416
0.753234284266927 0.344593399153761
0.757198028570655 0.393739087497997
0.680683998417559 0.438643317091267
0.720922885645973 0.44076404646675
0.888050772366412 0.351999252913372
0.890184481161796 0.402605651706473
0.804880578568653 0.446327200728015
0.848599384262919 0.449769625613795
1.46078873085265 0.360268376213737
1.47557820273955 0.412335931858515
1.32124704529891 0.377193645059315
1.3306035906635 0.433636266236625
0.756452177838079 0.539780790796227
0.758806975356234 0.491332783319231
0.711613486067585 0.581407463313634
0.669129591815242 0.574586128354045
0.631245502104982 0.524017391501565
0.635845306647065 0.480269989608674
0.892062817141166 0.552091299984696
0.892190503549177 0.502651675242137
0.940345746929205 0.609517080834272
0.988756363125251 0.617503236941285
1.01414282346507 0.708891699405886
1.02565490139318 0.667190546227092
1.12864815885941 0.843661700333909
1.12094049272032 0.807341867126869
1.16625983486308 0.71112746915302
1.13974633072216 0.741074751536426
1.03949810588505 0.757402579696395
1.07636546623315 0.764212306808114
1.1409045524431 0.662616588862511
1.0890357658822 0.644052990955404
1.02886470864861 0.361165226702888
1.03154169488992 0.41490665348338
0.93961835368187 0.458357393754342
0.986918517406551 0.463502737009107
1.17522349074052 0.376623969611817
1.18095295288652 0.435321578758515
1.085039925765 0.477105116144319
1.13586117039876 0.485562152024767
1.2888675623629 0.491392320911029
1.23777498869771 0.49270575440812
1.03618421325794 0.57320895545349
1.03520144719459 0.520928517858682
1.19074303101351 0.618793187148147
1.18871272302302 0.556406187526682
0.93668775611293 2
0.873375512225859 2
0.810063268338676 2
0.790042178892719 2
0.77002108944675 2
0.750000000000767 2
0.729978910554784 2
0.709957821108786 2
0.68993673166277 2
0.626624487775401 2
0.563312243887848 2
1.06331224388707 2
1.12662448777414 2
1.18993673166132 2
1.20995782110728 2
1.22997891055325 2
1.24999999999923 2
1.3133122438865 2
1.37662448777391 2
1.43993673166158 2
1.45995782110769 2
1.47997891055383 2
3.86666666666667 0.0666666666666667
3.86666666666667 0.133333333333333
3.86666666666667 0.2
3.86666666666667 0.266666666666667
3.86666666666667 0.333333333333334
3.86666666666667 0.4
3.86666666666666 0.466666666666667
3.86666666666666 0.533333333333334
3.86666666666667 0.600000000000001
3.86666666666667 0.666666666666667
3.86666666666667 0.733333333333334
3.86666666666667 0.8
3.86666666666667 0.866666666666667
3.86666666666667 0.933333333333333
3.73333333333333 0.0666666666666667
3.73333333333333 0.133333333333333
3.73333333333333 0.2
3.73333333333333 0.266666666666667
3.73333333333333 0.333333333333334
3.73333333333333 0.4
3.73333333333333 0.466666666666667
3.73333333333333 0.533333333333334
3.73333333333333 0.600000000000001
3.73333333333333 0.666666666666667
3.73333333333333 0.733333333333334
3.73333333333333 0.8
3.73333333333333 0.866666666666667
3.73333333333333 0.933333333333334
3.6 0.0666666666666667
3.6 0.133333333333333
3.6 0.2
3.6 0.266666666666667
3.6 0.333333333333333
3.6 0.4
3.6 0.466666666666667
3.6 0.533333333333334
3.6 0.6
3.6 0.666666666666667
3.6 0.733333333333334
3.6 0.8
3.6 0.866666666666667
3.6 0.933333333333334
3.46666666666666 0.0666666666666666
3.46666666666666 0.133333333333333
3.46666666666666 0.2
3.46666666666666 0.266666666666667
3.46666666666666 0.333333333333333
3.46666666666666 0.4
3.46666666666666 0.466666666666667
3.46666666666666 0.533333333333334
3.46666666666666 0.6
3.46666666666666 0.666666666666667
3.46666666666667 0.733333333333334
3.46666666666667 0.8
3.46666666666667 0.866666666666667
3.46666666666667 0.933333333333334
3.33333333333333 0.0666666666666666
3.33333333333333 0.133333333333333
3.33333333333333 0.2
3.33333333333333 0.266666666666667
3.33333333333333 0.333333333333333
3.33333333333333 0.4
3.33333333333333 0.466666666666667
3.33333333333333 0.533333333333334
3.33333333333333 0.6
3.33333333333333 0.666666666666667
3.33333333333333 0.733333333333334
3.33333333333333 0.8
3.33333333333333 0.866666666666667
3.33333333333333 0.933333333333333
3.2 0.0666666666666667
3.2 0.133333333333333
3.2 0.2
3.2 0.266666666666667
3.2 0.333333333333333
3.2 0.4
3.2 0.466666666666667
3.2 0.533333333333333
3.2 0.6
3.2 0.666666666666667
3.2 0.733333333333333
3.2 0.8
3.2 0.866666666666667
3.2 0.933333333333333
3.06666666666667 0.0666666666666667
3.06666666666666 0.133333333333333
3.06666666666666 0.2
3.06666666666666 0.266666666666667
3.06666666666666 0.333333333333333
3.06666666666666 0.4
3.06666666666666 0.466666666666667
3.06666666666666 0.533333333333333
3.06666666666666 0.6
3.06666666666666 0.666666666666667
3.06666666666666 0.733333333333333
3.06666666666666 0.8
3.06666666666667 0.866666666666667
3.06666666666667 0.933333333333333
2.93333333333333 0.0666666666666667
2.93333333333333 0.133333333333333
2.93333333333333 0.2
2.93333333333333 0.266666666666667
2.93333333333333 0.333333333333333
2.93333333333333 0.4
2.93333333333333 0.466666666666667
2.93333333333333 0.533333333333333
2.93333333333333 0.6
2.93333333333333 0.666666666666667
2.93333333333333 0.733333333333333
2.93333333333333 0.8
2.93333333333333 0.866666666666666
2.93333333333333 0.933333333333333
2.8 0.0666666666666667
2.8 0.133333333333333
2.8 0.2
2.8 0.266666666666667
2.8 0.333333333333333
2.8 0.4
2.8 0.466666666666667
2.8 0.533333333333333
2.8 0.6
2.8 0.666666666666667
2.8 0.733333333333333
2.8 0.8
2.8 0.866666666666666
2.8 0.933333333333333
2.66666666666667 0.0666666666666667
2.66666666666667 0.133333333333333
2.66666666666667 0.2
2.66666666666667 0.266666666666667
2.66666666666667 0.333333333333333
2.66666666666667 0.4
2.66666666666666 0.466666666666667
2.66666666666666 0.533333333333333
2.66666666666666 0.6
2.66666666666666 0.666666666666666
2.66666666666667 0.733333333333333
2.66666666666667 0.8
2.66666666666667 0.866666666666666
2.66666666666667 0.933333333333333
2.53333333333333 0.0666666666666667
2.53333333333333 0.133333333333333
2.53333333333333 0.2
2.53333333333333 0.266666666666667
2.53333333333333 0.333333333333333
2.53333333333333 0.4
2.53333333333333 0.466666666666667
2.53333333333333 0.533333333333333
2.53333333333333 0.6
2.53333333333333 0.666666666666666
2.53333333333333 0.733333333333333
2.53333333333333 0.8
2.53333333333333 0.866666666666666
2.53333333333333 0.933333333333333
2.4 0.0666666666666667
2.4 0.133333333333333
2.4 0.2
2.4 0.266666666666667
2.4 0.333333333333333
2.4 0.4
2.4 0.466666666666667
2.4 0.533333333333333
2.4 0.6
2.4 0.666666666666666
2.4 0.733333333333333
2.4 0.8
2.4 0.866666666666666
2.4 0.933333333333333
2.26666666666667 0.0666666666666667
2.26666666666667 0.133333333333333
2.26666666666667 0.2
2.26666666666667 0.266666666666667
2.26666666666667 0.333333333333333
2.26666666666667 0.4
2.26666666666667 0.466666666666667
2.26666666666667 0.533333333333333
2.26666666666667 0.6
2.26666666666667 0.666666666666667
2.26666666666667 0.733333333333333
2.26666666666667 0.8
2.26666666666667 0.866666666666666
2.26666666666667 0.933333333333333
2.13333333333333 0.0666666666666667
2.13333333333333 0.133333333333333
2.13333333333333 0.2
2.13333333333333 0.266666666666667
2.13333333333333 0.333333333333333
2.13333333333333 0.4
2.13333333333333 0.466666666666667
2.13333333333333 0.533333333333333
2.13333333333333 0.6
2.13333333333333 0.666666666666667
2.13333333333333 0.733333333333333
2.13333333333333 0.8
2.13333333333333 0.866666666666667
2.13333333333333 0.933333333333333
3.86666666666667 1.03333333333333
3.86666666666667 1.06666666666667
3.86666666666667 1.1
3.86666666666667 1.14507983406108
3.86666666666667 1.19015966812216
3.86666666666667 1.23523950218324
3.86666666666667 1.29620524535247
3.86666666666667 1.3571709885217
3.86666666666667 1.41813673169094
3.86666666666667 1.50058649925532
3.86666666666667 1.5830362668197
3.86666666666667 1.66548603438408
3.86666666666667 1.77699068958939
3.86666666666667 1.88849534479469
3.73333333333333 1.03333333333333
3.73333333333333 1.06666666666667
3.73333333333333 1.1
3.73333333333333 1.14507983406108
3.73333333333333 1.19015966812216
3.73333333333333 1.23523950218324
3.73333333333333 1.29620524535247
3.73333333333333 1.3571709885217
3.73333333333333 1.41813673169094
3.73333333333333 1.50058649925532
3.73333333333333 1.5830362668197
3.73333333333333 1.66548603438408
3.73333333333333 1.77699068958939
3.73333333333333 1.88849534479469
3.6 1.03333333333333
3.6 1.06666666666667
3.6 1.1
3.6 1.14507983406108
3.6 1.19015966812216
3.6 1.23523950218324
3.6 1.29620524535247
3.6 1.3571709885217
3.6 1.41813673169094
3.6 1.50058649925532
3.6 1.5830362668197
3.6 1.66548603438408
3.6 1.77699068958939
3.6 1.88849534479469
3.46666666666667 1.03333333333333
3.46666666666667 1.06666666666667
3.46666666666667 1.1
3.46666666666667 1.14507983406108
3.46666666666667 1.19015966812216
3.46666666666667 1.23523950218324
3.46666666666667 1.29620524535247
3.46666666666667 1.3571709885217
3.46666666666667 1.41813673169094
3.46666666666667 1.50058649925532
3.46666666666667 1.5830362668197
3.46666666666666 1.66548603438408
3.46666666666666 1.77699068958939
3.46666666666666 1.88849534479469
3.33333333333333 1.03333333333333
3.33333333333333 1.06666666666667
3.33333333333333 1.1
3.33333333333333 1.14507983406108
3.33333333333333 1.19015966812216
3.33333333333333 1.23523950218324
3.33333333333333 1.29620524535247
3.33333333333333 1.3571709885217
3.33333333333333 1.41813673169094
3.33333333333333 1.50058649925532
3.33333333333333 1.5830362668197
3.33333333333333 1.66548603438408
3.33333333333333 1.77699068958939
3.33333333333333 1.88849534479469
3.2 1.03333333333333
3.2 1.06666666666667
3.2 1.1
3.2 1.14507983406108
3.2 1.19015966812216
3.2 1.23523950218324
3.2 1.29620524535247
3.2 1.3571709885217
3.2 1.41813673169094
3.2 1.50058649925532
3.2 1.5830362668197
3.2 1.66548603438408
3.2 1.77699068958939
3.2 1.88849534479469
3.06666666666667 1.03333333333333
3.06666666666667 1.06666666666667
3.06666666666667 1.1
3.06666666666667 1.14507983406108
3.06666666666667 1.19015966812216
3.06666666666667 1.23523950218324
3.06666666666667 1.29620524535247
3.06666666666667 1.3571709885217
3.06666666666667 1.41813673169094
3.06666666666666 1.50058649925532
3.06666666666666 1.5830362668197
3.06666666666666 1.66548603438408
3.06666666666667 1.77699068958939
3.06666666666667 1.88849534479469
2.93333333333333 1.03333333333333
2.93333333333333 1.06666666666667
2.93333333333333 1.1
2.93333333333333 1.14507983406108
2.93333333333333 1.19015966812216
2.93333333333333 1.23523950218324
2.93333333333333 1.29620524535247
2.93333333333333 1.3571709885217
2.93333333333333 1.41813673169094
2.93333333333333 1.50058649925532
2.93333333333333 1.5830362668197
2.93333333333333 1.66548603438408
2.93333333333333 1.77699068958939
2.93333333333333 1.88849534479469
2.8 1.03333333333333
2.8 1.06666666666667
2.8 1.1
2.8 1.14507983406108
2.8 1.19015966812216
2.8 1.23523950218324
2.8 1.29620524535247
2.8 1.3571709885217
2.8 1.41813673169094
2.8 1.50058649925532
2.8 1.5830362668197
2.8 1.66548603438408
2.8 1.77699068958939
2.8 1.88849534479469
2.66666666666667 1.03333333333333
2.66666666666667 1.06666666666667
2.66666666666667 1.1
2.66666666666667 1.14507983406108
2.66666666666667 1.19015966812216
2.66666666666667 1.23523950218324
2.66666666666667 1.29620524535247
2.66666666666667 1.3571709885217
2.66666666666667 1.41813673169094
2.66666666666667 1.50058649925532
2.66666666666667 1.5830362668197
2.66666666666667 1.66548603438408
2.66666666666667 1.77699068958939
2.66666666666667 1.88849534479469
2.53333333333333 1.03333333333333
2.53333333333333 1.06666666666667
2.53333333333333 1.1
2.53333333333333 1.14507983406108
2.53333333333333 1.19015966812216
2.53333333333333 1.23523950218324
2.53333333333333 1.29620524535247
2.53333333333333 1.3571709885217
2.53333333333333 1.41813673169094
2.53333333333333 1.50058649925532
2.53333333333333 1.5830362668197
2.53333333333333 1.66548603438408
2.53333333333333 1.77699068958939
2.53333333333333 1.88849534479469
2.4 1.03333333333333
2.4 1.06666666666667
2.4 1.1
2.4 1.14507983406108
2.4 1.19015966812216
2.4 1.23523950218324
2.4 1.29620524535247
2.4 1.3571709885217
2.4 1.41813673169094
2.4 1.50058649925532
2.4 1.5830362668197
2.4 1.66548603438408
2.4 1.77699068958939
2.4 1.88849534479469
2.26666666666667 1.03333333333333
2.26666666666667 1.06666666666667
2.26666666666667 1.1
2.26666666666667 1.14507983406108
2.26666666666667 1.19015966812216
2.26666666666667 1.23523950218324
2.26666666666667 1.29620524535247
2.26666666666667 1.3571709885217
2.26666666666667 1.41813673169094
2.26666666666667 1.50058649925532
2.26666666666667 1.5830362668197
2.26666666666667 1.66548603438408
2.26666666666667 1.77699068958939
2.26666666666667 1.88849534479469
2.13333333333333 1.03333333333333
2.13333333333333 1.06666666666667
2.13333333333333 1.1
2.13333333333333 1.14507983406108
2.13333333333333 1.19015966812216
2.13333333333333 1.23523950218324
2.13333333333333 1.29620524535247
2.13333333333333 1.3571709885217
2.13333333333333 1.41813673169094
2.13333333333333 1.50058649925532
2.13333333333333 1.5830362668197
2.13333333333333 1.66548603438408
2.13333333333333 1.77699068958939
2.13333333333333 1.88849534479469
3.86666666666667 3.93333333333335
3.73333333333334 3.93333333333337
3.6 3.93333333333339
3.46666666666667 3.93333333333341
3.33333333333333 3.93333333333342
3.2 3.93333333333344
3.06666666666667 3.93333333333346
2.93333333333333 3.93333333333348
2.8 3.9333333333335
2.66666666666667 3.93333333333352
2.53333333333333 3.93333333333353
2.4 3.93333333333355
2.26666666666666 3.93333333333357
2.13333333333333 3.93333333333359
3.86666666666667 3.8666666666667
3.73333333333333 3.86666666666673
3.6 3.86666666666676
3.46666666666667 3.86666666666679
3.33333333333333 3.86666666666682
3.2 3.86666666666685
3.06666666666667 3.86666666666688
2.93333333333333 3.86666666666691
2.8 3.86666666666694
2.66666666666667 3.86666666666698
2.53333333333333 3.86666666666701
2.4 3.86666666666704
2.26666666666666 3.86666666666707
2.13333333333333 3.8666666666671
3.86666666666667 3.80000000000004
3.73333333333333 3.80000000000008
3.6 3.80000000000012
3.46666666666667 3.80000000000016
3.33333333333333 3.80000000000019
3.2 3.80000000000023
3.06666666666667 3.80000000000027
2.93333333333333 3.80000000000031
2.8 3.80000000000035
2.66666666666667 3.80000000000039
2.53333333333333 3.80000000000043
2.4 3.80000000000047
2.26666666666667 3.80000000000051
2.13333333333333 3.80000000000055
3.86666666666667 3.73333333333338
3.73333333333333 3.73333333333343
3.6 3.73333333333347
3.46666666666667 3.73333333333352
3.33333333333333 3.73333333333357
3.2 3.73333333333362
3.06666666666667 3.73333333333366
2.93333333333333 3.73333333333371
2.8 3.73333333333376
2.66666666666667 3.73333333333381
2.53333333333333 3.73333333333386
2.4 3.7333333333339
2.26666666666667 3.73333333333395
2.13333333333333 3.733333333334
3.86666666666667 3.66666666666672
3.73333333333333 3.66666666666677
3.6 3.66666666666682
3.46666666666667 3.66666666666687
3.33333333333333 3.66666666666692
3.2 3.66666666666697
3.06666666666667 3.66666666666703
2.93333333333333 3.66666666666708
2.8 3.66666666666713
2.66666666666667 3.66666666666718
2.53333333333333 3.66666666666723
2.4 3.66666666666729
2.26666666666667 3.66666666666734
2.13333333333333 3.66666666666739
3.86666666666667 3.60000000000005
3.73333333333333 3.6000000000001
3.6 3.60000000000015
3.46666666666667 3.60000000000021
3.33333333333333 3.60000000000026
3.2 3.60000000000031
3.06666666666667 3.60000000000036
2.93333333333333 3.60000000000042
2.8 3.60000000000047
2.66666666666667 3.60000000000052
2.53333333333333 3.60000000000057
2.4 3.60000000000063
2.26666666666667 3.60000000000068
2.13333333333333 3.60000000000073
3.86666666666667 3.53333333333338
3.73333333333333 3.53333333333344
3.6 3.53333333333349
3.46666666666667 3.53333333333354
3.33333333333333 3.5333333333336
3.2 3.53333333333365
3.06666666666667 3.5333333333337
2.93333333333333 3.53333333333376
2.8 3.53333333333381
2.66666666666667 3.53333333333386
2.53333333333333 3.53333333333392
2.4 3.53333333333397
2.26666666666667 3.53333333333402
2.13333333333333 3.53333333333408
3.86666666666667 3.46666666666672
3.73333333333333 3.46666666666677
3.6 3.46666666666682
3.46666666666667 3.46666666666687
3.33333333333333 3.46666666666692
3.2 3.46666666666697
3.06666666666667 3.46666666666702
2.93333333333333 3.46666666666707
2.8 3.46666666666712
2.66666666666667 3.46666666666717
2.53333333333333 3.46666666666722
2.4 3.46666666666727
2.26666666666667 3.46666666666732
2.13333333333333 3.46666666666737
3.86666666666667 3.40000000000004
3.73333333333333 3.40000000000009
3.6 3.40000000000013
3.46666666666667 3.40000000000018
3.33333333333333 3.40000000000023
3.2 3.40000000000027
3.06666666666667 3.40000000000032
2.93333333333333 3.40000000000036
2.8 3.40000000000041
2.66666666666667 3.40000000000046
2.53333333333333 3.4000000000005
2.4 3.40000000000055
2.26666666666667 3.40000000000059
2.13333333333333 3.40000000000064
3.86666666666667 3.33333333333337
3.73333333333333 3.33333333333341
3.6 3.33333333333345
3.46666666666667 3.33333333333349
3.33333333333333 3.33333333333354
3.2 3.33333333333358
3.06666666666667 3.33333333333362
2.93333333333333 3.33333333333366
2.8 3.3333333333337
2.66666666666667 3.33333333333374
2.53333333333333 3.33333333333378
2.4 3.33333333333383
2.26666666666667 3.33333333333387
2.13333333333333 3.33333333333391
3.86666666666667 3.2666666666667
3.73333333333333 3.26666666666673
3.6 3.26666666666677
3.46666666666667 3.2666666666668
3.33333333333333 3.26666666666683
3.2 3.26666666666687
3.06666666666667 3.2666666666669
2.93333333333333 3.26666666666694
2.8 3.26666666666697
2.66666666666667 3.26666666666701
2.53333333333333 3.26666666666704
2.4 3.26666666666708
2.26666666666667 3.26666666666711
2.13333333333333 3.26666666666714
3.86666666666667 3.20000000000002
3.73333333333333 3.20000000000005
3.6 3.20000000000008
3.46666666666667 3.2000000000001
3.33333333333333 3.20000000000013
3.2 3.20000000000015
3.06666666666667 3.20000000000018
2.93333333333333 3.20000000000021
2.8 3.20000000000023
2.66666666666667 3.20000000000026
2.53333333333333 3.20000000000029
2.4 3.20000000000031
2.26666666666667 3.20000000000034
2.13333333333333 3.20000000000037
3.86666666666667 3.13333333333335
3.73333333333333 3.13333333333337
3.6 3.13333333333339
3.46666666666667 3.1333333333334
3.33333333333333 3.13333333333342
3.2 3.13333333333344
3.06666666666667 3.13333333333346
2.93333333333333 3.13333333333348
2.8 3.13333333333349
2.66666666666667 3.13333333333351
2.53333333333333 3.13333333333353
2.4 3.13333333333355
2.26666666666667 3.13333333333357
2.13333333333333 3.13333333333359
3.86666666666667 3.06666666666667
3.73333333333333 3.06666666666668
3.6 3.06666666666669
3.46666666666667 3.0666666666667
3.33333333333333 3.06666666666671
3.2 3.06666666666672
3.06666666666667 3.06666666666673
2.93333333333333 3.06666666666674
2.8 3.06666666666675
2.66666666666667 3.06666666666676
2.53333333333333 3.06666666666676
2.4 3.06666666666677
2.26666666666667 3.06666666666678
2.13333333333333 3.06666666666679
3.86666666666667 3
3.73333333333333 3
3.6 3
3.46666666666667 3
3.33333333333333 3
3.2 3
3.06666666666667 3
2.93333333333333 3
2.8 3
2.66666666666667 3
2.53333333333333 3
2.4 3
2.26666666666667 3
2.13333333333333 3
3.86666666666667 2.93333333333332
3.73333333333333 2.93333333333331
3.6 2.9333333333333
3.46666666666667 2.9333333333333
3.33333333333333 2.93333333333329
3.2 2.93333333333328
3.06666666666667 2.93333333333327
2.93333333333333 2.93333333333326
2.8 2.93333333333325
2.66666666666667 2.93333333333324
2.53333333333333 2.93333333333323
2.4 2.93333333333322
2.26666666666667 2.93333333333321
2.13333333333333 2.93333333333321
3.86666666666667 2.86666666666665
3.73333333333333 2.86666666666663
3.6 2.86666666666661
3.46666666666667 2.86666666666659
3.33333333333333 2.86666666666657
3.2 2.86666666666656
3.06666666666667 2.86666666666654
2.93333333333333 2.86666666666652
2.8 2.8666666666665
2.66666666666667 2.86666666666648
2.53333333333333 2.86666666666646
2.4 2.86666666666645
2.26666666666667 2.86666666666643
2.13333333333333 2.86666666666641
3.86666666666667 2.79999999999997
3.73333333333333 2.79999999999995
3.6 2.79999999999992
3.46666666666667 2.79999999999989
3.33333333333333 2.79999999999987
3.2 2.79999999999984
3.06666666666667 2.79999999999981
2.93333333333333 2.79999999999979
2.8 2.79999999999976
2.66666666666667 2.79999999999974
2.53333333333333 2.79999999999971
2.4 2.79999999999968
2.26666666666667 2.79999999999966
2.13333333333333 2.79999999999963
3.86666666666667 2.7333333333333
3.73333333333333 2.73333333333327
3.6 2.73333333333323
3.46666666666667 2.7333333333332
3.33333333333333 2.73333333333316
3.2 2.73333333333313
3.06666666666667 2.73333333333309
2.93333333333333 2.73333333333306
2.8 2.73333333333302
2.66666666666667 2.73333333333299
2.53333333333333 2.73333333333296
2.4 2.73333333333292
2.26666666666667 2.73333333333289
2.13333333333333 2.73333333333285
3.86666666666667 2.66666666666663
3.73333333333333 2.66666666666658
3.6 2.66666666666654
3.46666666666667 2.6666666666665
3.33333333333333 2.66666666666646
3.2 2.66666666666642
3.06666666666667 2.66666666666638
2.93333333333333 2.66666666666634
2.8 2.66666666666629
2.66666666666667 2.66666666666625
2.53333333333333 2.66666666666621
2.4 2.66666666666617
2.26666666666667 2.66666666666613
2.13333333333333 2.66666666666609
3.86666666666667 2.59999999999995
3.73333333333333 2.59999999999991
3.6 2.59999999999986
3.46666666666667 2.59999999999982
3.33333333333333 2.59999999999977
3.2 2.59999999999972
3.06666666666667 2.59999999999968
2.93333333333333 2.59999999999963
2.8 2.59999999999959
2.66666666666667 2.59999999999954
2.53333333333333 2.59999999999949
2.4 2.59999999999945
2.26666666666667 2.5999999999994
2.13333333333333 2.59999999999936
3.86666666666667 2.53333333333328
3.73333333333333 2.53333333333323
3.6 2.53333333333318
3.46666666666667 2.53333333333313
3.33333333333333 2.53333333333308
3.2 2.53333333333303
3.06666666666667 2.53333333333298
2.93333333333333 2.53333333333293
2.8 2.53333333333288
2.66666666666667 2.53333333333283
2.53333333333333 2.53333333333278
2.4 2.53333333333273
2.26666666666667 2.53333333333268
2.13333333333333 2.53333333333263
3.86666666666667 2.46666666666661
3.73333333333333 2.46666666666656
3.6 2.46666666666651
3.46666666666667 2.46666666666645
3.33333333333333 2.4666666666664
3.2 2.46666666666635
3.06666666666667 2.46666666666629
2.93333333333333 2.46666666666624
2.8 2.46666666666619
2.66666666666667 2.46666666666613
2.53333333333333 2.46666666666608
2.4 2.46666666666603
2.26666666666667 2.46666666666598
2.13333333333333 2.46666666666592
3.86666666666667 2.39999999999995
3.73333333333333 2.3999999999999
3.6 2.39999999999984
3.46666666666667 2.39999999999979
3.33333333333333 2.39999999999974
3.2 2.39999999999969
3.06666666666667 2.39999999999963
2.93333333333333 2.39999999999958
2.8 2.39999999999953
2.66666666666667 2.39999999999947
2.53333333333333 2.39999999999942
2.4 2.39999999999937
2.26666666666667 2.39999999999932
2.13333333333333 2.39999999999927
3.86666666666667 2.33333333333328
3.73333333333333 2.33333333333323
3.6 2.33333333333318
3.46666666666667 2.33333333333313
3.33333333333333 2.33333333333308
3.2 2.33333333333302
3.06666666666667 2.33333333333297
2.93333333333333 2.33333333333292
2.8 2.33333333333287
2.66666666666667 2.33333333333282
2.53333333333333 2.33333333333276
2.4 2.33333333333271
2.26666666666667 2.33333333333266
2.13333333333333 2.33333333333261
3.86666666666667 2.26666666666662
3.73333333333333 2.26666666666657
3.6 2.26666666666652
3.46666666666667 2.26666666666648
3.33333333333333 2.26666666666643
3.2 2.26666666666638
3.06666666666667 2.26666666666633
2.93333333333333 2.26666666666628
2.8 2.26666666666624
2.66666666666667 2.26666666666619
2.53333333333333 2.26666666666614
2.4 2.26666666666609
2.26666666666667 2.26666666666605
2.13333333333333 2.266666666666
3.86666666666667 2.19999999999996
3.73333333333333 2.19999999999992
3.6 2.19999999999988
3.46666666666667 2.19999999999984
3.33333333333333 2.1999999999998
3.2 2.19999999999976
3.06666666666667 2.19999999999972
2.93333333333333 2.19999999999968
2.8 2.19999999999965
2.66666666666667 2.19999999999961
2.53333333333333 2.19999999999957
2.4 2.19999999999953
2.26666666666667 2.19999999999949
2.13333333333333 2.19999999999945
3.86666666666667 2.1333333333333
3.73333333333333 2.13333333333327
3.6 2.13333333333324
3.46666666666667 2.13333333333321
3.33333333333333 2.13333333333318
3.2 2.13333333333315
3.06666666666667 2.13333333333312
2.93333333333333 2.13333333333309
2.8 2.13333333333305
2.66666666666667 2.13333333333302
2.53333333333333 2.13333333333299
2.4 2.13333333333296
2.26666666666667 2.13333333333293
2.13333333333333 2.1333333333329
3.86666666666667 2.06666666666665
3.73333333333333 2.06666666666663
3.6 2.06666666666661
3.46666666666667 2.06666666666659
3.33333333333333 2.06666666666658
3.2 2.06666666666656
3.06666666666667 2.06666666666654
2.93333333333333 2.06666666666652
2.8 2.0666666666665
2.66666666666667 2.06666666666648
2.53333333333333 2.06666666666647
2.4 2.06666666666645
2.26666666666667 2.06666666666643
2.13333333333333 2.06666666666641
0.0555555555555708 1.03333333333333
0.111111111111134 1.03333333333333
0.166666666666692 1.03333333333333
0.22222222222225 1.03333333333333
0.277777777777803 1.03333333333333
0.333333333333354 1.03333333333333
0.388888888888904 1.03333333333333
0.444444444444452 1.03333333333333
0.5 1.03333333333333
0.563312243887321 1.03333333333333
0.626624487774643 1.03333333333333
0.689936731661968 1.03333333333333
0.709957821107969 1.03333333333333
0.729978910553972 1.03333333333333
0.749999999999975 1.03333333333333
0.770021089445977 1.03333333333333
0.790042178891981 1.03333333333333
0.810063268337985 1.03333333333333
0.873375512225316 1.03333333333333
0.936687756112653 1.03333333333333
0.0555555555555859 1.06666666666667
0.111111111111157 1.06666666666667
0.166666666666717 1.06666666666667
0.222222222222278 1.06666666666667
0.277777777777829 1.06666666666667
0.333333333333374 1.06666666666667
0.388888888888919 1.06666666666667
0.44444444444446 1.06666666666667
0.5 1.06666666666667
0.563312243887313 1.06666666666667
0.626624487774625 1.06666666666667
0.689936731661945 1.06666666666667
0.709957821107946 1.06666666666667
0.729978910553947 1.06666666666667
0.749999999999949 1.06666666666667
0.770021089445951 1.06666666666667
0.790042178891954 1.06666666666667
0.810063268337959 1.06666666666667
0.873375512225291 1.06666666666667
0.936687756112636 1.06666666666667
0.0555555555556011 1.1
0.111111111111179 1.1
0.166666666666743 1.1
0.222222222222306 1.1
0.277777777777854 1.1
0.333333333333394 1.1
0.388888888888935 1.1
0.444444444444468 1.1
0.5 1.1
0.563312243887304 1.1
0.626624487774608 1.1
0.689936731661923 1.1
0.709957821107922 1.1
0.729978910553922 1.1
0.749999999999924 1.1
0.770021089445925 1.1
0.790042178891928 1.1
0.810063268337933 1.1
0.873375512225266 1.1
0.936687756112619 1.1
0.0555555555556216 1.14507983406108
0.11111111111121 1.14507983406108
0.166666666666777 1.14507983406108
0.222222222222343 1.14507983406108
0.277777777777888 1.14507983406108
0.333333333333422 1.14507983406108
0.388888888888955 1.14507983406108
0.444444444444478 1.14507983406108
0.5 1.14507983406108
0.563312243887293 1.14507983406108
0.626624487774585 1.14507983406108
0.689936731661893 1.14507983406108
0.70995782110789 1.14507983406108
0.729978910553889 1.14507983406108
0.749999999999889 1.14507983406108
0.77002108944589 1.14507983406108
0.790042178891892 1.14507983406108
0.810063268337898 1.14507983406108
0.873375512225233 1.14507983406108
0.936687756112595 1.14507983406108
0.0555555555556421 1.19015966812216
0.111111111111241 1.19015966812216
0.166666666666811 1.19015966812216
0.222222222222381 1.19015966812216
0.277777777777922 1.19015966812216
0.333333333333449 1.19015966812216
0.388888888888976 1.19015966812216
0.444444444444488 1.19015966812216
0.5 1.19015966812216
0.563312243887281 1.19015966812216
0.626624487774561 1.19015966812216
0.689936731661863 1.19015966812216
0.709957821107858 1.19015966812216
0.729978910553855 1.19015966812216
0.749999999999855 1.19015966812216
0.770021089445854 1.19015966812216
0.790042178891857 1.19015966812216
0.810063268337863 1.19015966812216
0.8733755122252 1.19015966812216
0.936687756112572 1.19015966812216
0.0555555555556626 1.23523950218324
0.111111111111272 1.23523950218324
0.166666666666845 1.23523950218324
0.222222222222418 1.23523950218324
0.277777777777956 1.23523950218324
0.333333333333476 1.23523950218324
0.388888888888996 1.23523950218324
0.444444444444498 1.23523950218324
0.5 1.23523950218324
0.563312243887269 1.23523950218324
0.626624487774538 1.23523950218324
0.689936731661833 1.23523950218324
0.709957821107826 1.23523950218324
0.729978910553821 1.23523950218324
0.74999999999982 1.23523950218324
0.770021089445818 1.23523950218324
0.790042178891821 1.23523950218324
0.810063268337827 1.23523950218324
0.873375512225166 1.23523950218324
0.936687756112548 1.23523950218324
0.0555555555556903 1.29620524535247
0.111111111111313 1.29620524535247
0.166666666666891 1.29620524535247
0.222222222222469 1.29620524535247
0.277777777778002 1.29620524535247
0.333333333333513 1.29620524535247
0.388888888889024 1.29620524535247
0.444444444444512 1.29620524535247
0.5 1.29620524535247
0.563312243887253 1.29620524535247
0.626624487774507 1.29620524535247
0.689936731661793 1.29620524535247
0.709957821107783 1.29620524535247
0.729978910553776 1.29620524535247
0.749999999999773 1.29620524535247
0.77002108944577 1.29620524535247
0.790042178891772 1.29620524535247
0.81006326833778 1.29620524535247
0.873375512225121 1.29620524535247
0.936687756112517 1.29620524535247
0.055555555555718 1.3571709885217
0.111111111111355 1.3571709885217
0.166666666666937 1.3571709885217
0.22222222222252 1.3571709885217
0.277777777778049 1.3571709885217
0.33333333333355 1.3571709885217
0.388888888889052 1.3571709885217
0.444444444444526 1.3571709885217
0.5 1.3571709885217
0.563312243887238 1.3571709885217
0.626624487774475 1.3571709885217
0.689936731661752 1.3571709885217
0.709957821107739 1.3571709885217
0.72997891055373 1.3571709885217
0.749999999999726 1.3571709885217
0.770021089445722 1.3571709885217
0.790042178891724 1.3571709885217
0.810063268337732 1.3571709885217
0.873375512225076 1.3571709885217
0.936687756112485 1.3571709885217
0.0555555555557458 1.41813673169094
0.111111111111396 1.41813673169094
0.166666666666984 1.41813673169094
0.222222222222571 1.41813673169094
0.277777777778095 1.41813673169094
0.333333333333587 1.41813673169094
0.388888888889079 1.41813673169094
0.44444444444454 1.41813673169094
0.5 1.41813673169094
0.563312243887222 1.41813673169094
0.626624487774443 1.41813673169094
0.689936731661712 1.41813673169094
0.709957821107696 1.41813673169094
0.729978910553684 1.41813673169094
0.749999999999679 1.41813673169094
0.770021089445674 1.41813673169094
0.790042178891675 1.41813673169094
0.810063268337684 1.41813673169094
0.873375512225031 1.41813673169094
0.936687756112454 1.41813673169094
0.0555555555557833 1.50058649925532
0.111111111111453 1.50058649925532
0.166666666667046 1.50058649925532
0.22222222222264 1.50058649925532
0.277777777778157 1.50058649925532
0.333333333333637 1.50058649925532
0.388888888889117 1.50058649925532
0.444444444444559 1.50058649925532
0.5 1.50058649925532
0.5633122438872 1.50058649925532
0.6266244877744 1.50058649925532
0.689936731661657 1.50058649925532
0.709957821107637 1.50058649925532
0.729978910553623 1.50058649925532
0.749999999999616 1.50058649925532
0.770021089445609 1.50058649925532
0.79004217889161 1.50058649925532
0.81006326833762 1.50058649925532
0.873375512224969 1.50058649925532
0.936687756112411 1.50058649925532
0.0555555555558208 1.5830362668197
0.111111111111509 1.5830362668197
0.166666666667109 1.5830362668197
0.222222222222709 1.5830362668197
0.27777777777822 1.5830362668197
0.333333333333687 1.5830362668197
0.388888888889154 1.5830362668197
0.444444444444577 1.5830362668197
0.5 1.5830362668197
0.563312243887179 1.5830362668197
0.626624487774358 1.5830362668197
0.689936731661602 1.5830362668197
0.709957821107578 1.5830362668197
0.729978910553561 1.5830362668197
0.749999999999553 1.5830362668197
0.770021089445544 1.5830362668197
0.790042178891544 1.5830362668197
0.810063268337555 1.5830362668197
0.873375512224908 1.5830362668197
0.936687756112368 1.5830362668197
0.0555555555558583 1.66548603438408
0.111111111111565 1.66548603438408
0.166666666667171 1.66548603438408
0.222222222222777 1.66548603438408
0.277777777778282 1.66548603438408
0.333333333333737 1.66548603438408
0.388888888889192 1.66548603438408
0.444444444444596 1.66548603438408
0.5 1.66548603438408
0.563312243887158 1.66548603438408
0.626624487774315 1.66548603438408
0.689936731661547 1.66548603438408
0.709957821107519 1.66548603438408
0.729978910553499 1.66548603438408
0.749999999999489 1.66548603438408
0.770021089445479 1.66548603438408
0.790042178891479 1.66548603438408
0.810063268337491 1.66548603438408
0.873375512224847 1.66548603438408
0.936687756112325 1.66548603438408
0.055555555555909 1.77699068958939
0.111111111111641 1.77699068958939
0.166666666667256 1.77699068958939
0.22222222222287 1.77699068958939
0.277777777778367 1.77699068958939
0.333333333333805 1.77699068958939
0.388888888889242 1.77699068958939
0.444444444444621 1.77699068958939
0.5 1.77699068958939
0.563312243887129 1.77699068958939
0.626624487774257 1.77699068958939
0.689936731661472 1.77699068958939
0.70995782110744 1.77699068958939
0.729978910553416 1.77699068958939
0.749999999999404 1.77699068958939
0.770021089445391 1.77699068958939
0.79004217889139 1.77699068958939
0.810063268337404 1.77699068958939
0.873375512224764 1.77699068958939
0.936687756112267 1.77699068958939
0.0555555555559597 1.88849534479469
0.111111111111717 1.88849534479469
0.16666666666734 1.88849534479469
0.222222222222963 1.88849534479469
0.277777777778451 1.88849534479469
0.333333333333872 1.88849534479469
0.388888888889293 1.88849534479469
0.444444444444647 1.88849534479469
0.5 1.88849534479469
0.5633122438871 1.88849534479469
0.626624487774199 1.88849534479469
0.689936731661398 1.88849534479469
0.70995782110736 1.88849534479469
0.729978910553333 1.88849534479469
0.749999999999318 1.88849534479469
0.770021089445303 1.88849534479469
0.790042178891302 1.88849534479469
0.810063268337316 1.88849534479469
0.873375512224682 1.88849534479469
0.93668775611221 1.88849534479469
1.94444444444443 1.03333333333333
1.94444444444441 1.06666666666667
1.9444444444444 1.1
1.94444444444438 1.14507983406108
1.94444444444436 1.19015966812216
1.94444444444434 1.23523950218324
1.94444444444431 1.29620524535247
1.94444444444428 1.3571709885217
1.94444444444425 1.41813673169094
1.94444444444422 1.50058649925532
1.94444444444418 1.5830362668197
1.94444444444414 1.66548603438408
1.94444444444409 1.77699068958939
1.94444444444404 1.88849534479469
1.88888888888887 1.03333333333333
1.88888888888884 1.06666666666667
1.88888888888882 1.1
1.88888888888879 1.14507983406108
1.88888888888876 1.19015966812216
1.88888888888873 1.23523950218324
1.88888888888869 1.29620524535247
1.88888888888865 1.3571709885217
1.8888888888886 1.41813673169094
1.88888888888855 1.50058649925532
1.88888888888849 1.5830362668197
1.88888888888843 1.66548603438408
1.88888888888836 1.77699068958939
1.88888888888828 1.88849534479469
1.83333333333331 1.03333333333333
1.83333333333328 1.06666666666667
1.83333333333326 1.1
1.83333333333322 1.14507983406108
1.83333333333319 1.19015966812216
1.83333333333316 1.23523950218324
1.83333333333311 1.29620524535247
1.83333333333306 1.3571709885217
1.83333333333302 1.41813673169094
1.83333333333295 1.50058649925532
1.83333333333289 1.5830362668197
1.83333333333283 1.66548603438408
1.83333333333274 1.77699068958939
1.83333333333266 1.88849534479469
1.77777777777775 1.03333333333333
1.77777777777772 1.06666666666667
1.7777777777777 1.1
1.77777777777766 1.14507983406108
1.77777777777762 1.19015966812216
1.77777777777758 1.23523950218324
1.77777777777753 1.29620524535247
1.77777777777748 1.3571709885217
1.77777777777743 1.41813673169094
1.77777777777736 1.50058649925532
1.77777777777729 1.5830362668197
1.77777777777722 1.66548603438408
1.77777777777713 1.77699068958939
1.77777777777704 1.88849534479469
1.7222222222222 1.03333333333333
1.72222222222217 1.06666666666667
1.72222222222215 1.1
1.72222222222211 1.14507983406108
1.72222222222208 1.19015966812216
1.72222222222204 1.23523950218324
1.722222222222 1.29620524535247
1.72222222222195 1.3571709885217
1.72222222222191 1.41813673169094
1.72222222222184 1.50058649925532
1.72222222222178 1.5830362668197
1.72222222222172 1.66548603438408
1.72222222222163 1.77699068958939
1.72222222222155 1.88849534479469
1.66666666666665 1.03333333333333
1.66666666666663 1.06666666666667
1.66666666666661 1.1
1.66666666666658 1.14507983406108
1.66666666666655 1.19015966812216
1.66666666666653 1.23523950218324
1.66666666666649 1.29620524535247
1.66666666666645 1.3571709885217
1.66666666666641 1.41813673169094
1.66666666666636 1.50058649925532
1.66666666666631 1.5830362668197
1.66666666666626 1.66548603438408
1.66666666666619 1.77699068958939
1.66666666666613 1.88849534479469
1.6111111111111 1.03333333333333
1.61111111111108 1.06666666666667
1.61111111111107 1.1
1.61111111111105 1.14507983406108
1.61111111111103 1.19015966812216
1.61111111111101 1.23523950218324
1.61111111111098 1.29620524535247
1.61111111111095 1.3571709885217
1.61111111111092 1.41813673169094
1.61111111111088 1.50058649925532
1.61111111111085 1.5830362668197
1.61111111111081 1.66548603438408
1.61111111111076 1.77699068958939
1.61111111111071 1.88849534479469
1.55555555555555 1.03333333333333
1.55555555555554 1.06666666666667
1.55555555555553 1.1
1.55555555555552 1.14507983406108
1.55555555555551 1.19015966812216
1.5555555555555 1.23523950218324
1.55555555555549 1.29620524535247
1.55555555555547 1.3571709885217
1.55555555555546 1.41813673169094
1.55555555555544 1.50058649925532
1.55555555555542 1.5830362668197
1.5555555555554 1.66548603438408
1.55555555555538 1.77699068958939
1.55555555555535 1.88849534479469
1.5 1.03333333333333
1.5 1.06666666666667
1.5 1.1
1.5 1.14507983406108
1.5 1.19015966812216
1.5 1.23523950218324
1.5 1.29620524535247
1.5 1.3571709885217
1.5 1.41813673169094
1.5 1.50058649925532
1.5 1.5830362668197
1.5 1.66548603438408
1.5 1.77699068958939
1.5 1.88849534479469
1.479978910554 1.03333333333333
1.479978910554 1.06666666666667
1.47997891055401 1.1
1.47997891055401 1.14507983406108
1.47997891055401 1.19015966812216
1.47997891055402 1.23523950218324
1.47997891055402 1.29620524535247
1.47997891055403 1.3571709885217
1.47997891055403 1.41813673169094
1.47997891055404 1.50058649925532
1.47997891055404 1.5830362668197
1.47997891055405 1.66548603438408
1.47997891055406 1.77699068958939
1.47997891055407 1.88849534479469
1.459957821108 1.03333333333333
1.459957821108 1.06666666666667
1.45995782110801 1.1
1.45995782110802 1.14507983406108
1.45995782110803 1.19015966812216
1.45995782110803 1.23523950218324
1.45995782110804 1.29620524535247
1.45995782110805 1.3571709885217
1.45995782110806 1.41813673169094
1.45995782110808 1.50058649925532
1.45995782110809 1.5830362668197
1.4599578211081 1.66548603438408
1.45995782110812 1.77699068958939
1.45995782110814 1.88849534479469
1.439936731662 1.03333333333333
1.43993673166201 1.06666666666667
1.43993673166201 1.1
1.43993673166203 1.14507983406108
1.43993673166204 1.19015966812216
1.43993673166205 1.23523950218324
1.43993673166206 1.29620524535247
1.43993673166208 1.3571709885217
1.43993673166209 1.41813673169094
1.43993673166211 1.50058649925532
1.43993673166213 1.5830362668197
1.43993673166215 1.66548603438408
1.43993673166218 1.77699068958939
1.4399367316622 1.88849534479469
1.37662448777468 1.03333333333333
1.37662448777469 1.06666666666667
1.37662448777471 1.1
1.37662448777473 1.14507983406108
1.37662448777475 1.19015966812216
1.37662448777478 1.23523950218324
1.37662448777481 1.29620524535247
1.37662448777484 1.3571709885217
1.37662448777487 1.41813673169094
1.37662448777491 1.50058649925532
1.37662448777495 1.5830362668197
1.37662448777499 1.66548603438408
1.37662448777504 1.77699068958939
1.37662448777509 1.88849534479469
1.31331224388735 1.03333333333333
1.31331224388738 1.06666666666667
1.3133122438874 1.1
1.31331224388743 1.14507983406108
1.31331224388746 1.19015966812216
1.3133122438875 1.23523950218324
1.31331224388754 1.29620524535247
1.31331224388758 1.3571709885217
1.31331224388762 1.41813673169094
1.31331224388768 1.50058649925532
1.31331224388774 1.5830362668197
1.3133122438878 1.66548603438408
1.31331224388787 1.77699068958939
1.31331224388795 1.88849534479469
1.25000000000003 1.03333333333333
1.25000000000005 1.06666666666667
1.25000000000008 1.1
1.25000000000011 1.14507983406108
1.25000000000015 1.19015966812216
1.25000000000018 1.23523950218324
1.25000000000023 1.29620524535247
1.25000000000028 1.3571709885217
1.25000000000032 1.41813673169094
1.25000000000039 1.50058649925532
1.25000000000045 1.5830362668197
1.25000000000051 1.66548603438408
1.2500000000006 1.77699068958939
1.25000000000068 1.88849534479469
1.22997891055402 1.03333333333333
1.22997891055405 1.06666666666667
1.22997891055408 1.1
1.22997891055411 1.14507983406108
1.22997891055415 1.19015966812216
1.22997891055418 1.23523950218324
1.22997891055423 1.29620524535247
1.22997891055428 1.3571709885217
1.22997891055433 1.41813673169094
1.22997891055439 1.50058649925532
1.22997891055446 1.5830362668197
1.22997891055452 1.66548603438408
1.22997891055461 1.77699068958939
1.2299789105547 1.88849534479469
1.20995782110802 1.03333333333333
1.20995782110805 1.06666666666667
1.20995782110807 1.1
1.20995782110811 1.14507983406108
1.20995782110814 1.19015966812216
1.20995782110818 1.23523950218324
1.20995782110823 1.29620524535247
1.20995782110828 1.3571709885217
1.20995782110833 1.41813673169094
1.20995782110839 1.50058649925532
1.20995782110846 1.5830362668197
1.20995782110852 1.66548603438408
1.20995782110861 1.77699068958939
1.2099578211087 1.88849534479469
1.18993673166202 1.03333333333333
1.18993673166204 1.06666666666667
1.18993673166207 1.1
1.1899367316621 1.14507983406108
1.18993673166214 1.19015966812216
1.18993673166217 1.23523950218324
1.18993673166222 1.29620524535247
1.18993673166227 1.3571709885217
1.18993673166232 1.41813673169094
1.18993673166238 1.50058649925532
1.18993673166244 1.5830362668197
1.18993673166251 1.66548603438408
1.1899367316626 1.77699068958939
1.18993673166268 1.88849534479469
1.12662448777468 1.03333333333333
1.12662448777471 1.06666666666667
1.12662448777473 1.1
1.12662448777477 1.14507983406108
1.1266244877748 1.19015966812216
1.12662448777483 1.23523950218324
1.12662448777488 1.29620524535247
1.12662448777492 1.3571709885217
1.12662448777497 1.41813673169094
1.12662448777503 1.50058649925532
1.12662448777509 1.5830362668197
1.12662448777515 1.66548603438408
1.12662448777524 1.77699068958939
1.12662448777532 1.88849534479469
1.06331224388735 1.03333333333333
1.06331224388736 1.06666666666667
1.06331224388738 1.1
1.06331224388741 1.14507983406108
1.06331224388743 1.19015966812216
1.06331224388745 1.23523950218324
1.06331224388748 1.29620524535247
1.06331224388752 1.3571709885217
1.06331224388755 1.41813673169094
1.06331224388759 1.50058649925532
1.06331224388763 1.5830362668197
1.06331224388767 1.66548603438408
1.06331224388773 1.77699068958939
1.06331224388779 1.88849534479469
0.0555555555555556 2.06666666666667
0.111111111111111 2.06666666666667
0.166666666666667 2.06666666666667
0.222222222222222 2.06666666666667
0.277777777777778 2.06666666666667
0.333333333333333 2.06666666666667
0.388888888888889 2.06666666666667
0.444444444444444 2.06666666666667
0.0555555555555556 2.13333333333333
0.111111111111111 2.13333333333333
0.166666666666667 2.13333333333333
0.222222222222222 2.13333333333333
0.277777777777778 2.13333333333333
0.333333333333333 2.13333333333333
0.388888888888889 2.13333333333333
0.444444444444444 2.13333333333333
0.0555555555555556 2.2
0.111111111111111 2.2
0.166666666666667 2.2
0.222222222222222 2.2
0.277777777777778 2.2
0.333333333333333 2.2
0.388888888888889 2.2
0.444444444444444 2.2
0.0555555555555556 2.26666666666667
0.111111111111111 2.26666666666667
0.166666666666667 2.26666666666667
0.222222222222222 2.26666666666667
0.277777777777778 2.26666666666667
0.333333333333333 2.26666666666667
0.388888888888889 2.26666666666667
0.444444444444444 2.26666666666667
0.0555555555555556 2.33333333333333
0.111111111111111 2.33333333333333
0.166666666666667 2.33333333333333
0.222222222222222 2.33333333333333
0.277777777777778 2.33333333333333
0.333333333333333 2.33333333333333
0.388888888888889 2.33333333333333
0.444444444444444 2.33333333333333
0.0555555555555556 2.4
0.111111111111111 2.4
0.166666666666667 2.4
0.222222222222222 2.4
0.277777777777778 2.4
0.333333333333333 2.4
0.388888888888889 2.4
0.444444444444444 2.4
0.0555555555555556 2.46666666666667
0.111111111111111 2.46666666666667
0.166666666666667 2.46666666666667
0.222222222222222 2.46666666666667
0.277777777777778 2.46666666666667
0.333333333333333 2.46666666666667
0.388888888888889 2.46666666666667
0.444444444444444 2.46666666666667
0.0555555555555557 2.53333333333333
0.111111111111111 2.53333333333333
0.166666666666667 2.53333333333333
0.222222222222222 2.53333333333333
0.277777777777778 2.53333333333333
0.333333333333333 2.53333333333333
0.388888888888889 2.53333333333333
0.444444444444444 2.53333333333333
0.0555555555555557 2.6
0.111111111111111 2.6
0.166666666666667 2.6
0.222222222222222 2.6
0.277777777777778 2.6
0.333333333333333 2.6
0.388888888888889 2.6
0.444444444444444 2.6
0.0555555555555557 2.66666666666667
0.111111111111111 2.66666666666667
0.166666666666667 2.66666666666667
0.222222222222222 2.66666666666667
0.277777777777778 2.66666666666667
0.333333333333333 2.66666666666667
0.388888888888889 2.66666666666667
0.444444444444444 2.66666666666667
0.0555555555555558 2.73333333333333
0.111111111111111 2.73333333333333
0.166666666666667 2.73333333333333
0.222222222222222 2.73333333333333
0.277777777777778 2.73333333333333
0.333333333333333 2.73333333333333
0.388888888888889 2.73333333333333
0.444444444444444 2.73333333333333
0.0555555555555558 2.8
0.111111111111111 2.8
0.166666666666667 2.8
0.222222222222222 2.8
0.277777777777778 2.8
0.333333333333333 2.8
0.388888888888889 2.8
0.444444444444444 2.8
0.0555555555555558 2.86666666666667
0.111111111111111 2.86666666666667
0.166666666666667 2.86666666666667
0.222222222222222 2.86666666666667
0.277777777777778 2.86666666666667
0.333333333333333 2.86666666666667
0.388888888888889 2.86666666666667
0.444444444444444 2.86666666666667
0.0555555555555557 2.93333333333333
0.111111111111111 2.93333333333333
0.166666666666667 2.93333333333333
0.222222222222222 2.93333333333333
0.277777777777778 2.93333333333333
0.333333333333333 2.93333333333333
0.388888888888889 2.93333333333333
0.444444444444444 2.93333333333333
0.0555555555555553 3.93333333333333
0.0555555555555553 3.86666666666667
0.0555555555555554 3.8
0.0555555555555554 3.73333333333333
0.0555555555555554 3.66666666666667
0.0555555555555555 3.6
0.0555555555555555 3.53333333333333
0.0555555555555555 3.46666666666667
0.0555555555555556 3.4
0.0555555555555556 3.33333333333333
0.0555555555555556 3.26666666666667
0.0555555555555556 3.2
0.0555555555555556 3.13333333333333
0.0555555555555557 3.06666666666667
0.111111111111111 3.93333333333333
0.111111111111111 3.86666666666667
0.111111111111111 3.8
0.111111111111111 3.73333333333333
0.111111111111111 3.66666666666667
0.111111111111111 3.6
0.111111111111111 3.53333333333333
0.111111111111111 3.46666666666667
0.111111111111111 3.4
0.111111111111111 3.33333333333333
0.111111111111111 3.26666666666667
0.111111111111111 3.2
0.111111111111111 3.13333333333333
0.111111111111111 3.06666666666667
0.166666666666667 3.93333333333333
0.166666666666667 3.86666666666667
0.166666666666667 3.8
0.166666666666667 3.73333333333333
0.166666666666667 3.66666666666667
0.166666666666667 3.6
0.166666666666667 3.53333333333333
0.166666666666667 3.46666666666667
0.166666666666667 3.4
0.166666666666667 3.33333333333333
0.166666666666667 3.26666666666667
0.166666666666667 3.2
0.166666666666667 3.13333333333333
0.166666666666667 3.06666666666667
0.222222222222222 3.93333333333333
0.222222222222222 3.86666666666667
0.222222222222222 3.8
0.222222222222222 3.73333333333333
0.222222222222222 3.66666666666667
0.222222222222222 3.6
0.222222222222222 3.53333333333333
0.222222222222222 3.46666666666667
0.222222222222222 3.4
0.222222222222222 3.33333333333333
0.222222222222222 3.26666666666667
0.222222222222222 3.2
0.222222222222222 3.13333333333333
0.222222222222222 3.06666666666667
0.277777777777778 3.93333333333333
0.277777777777778 3.86666666666667
0.277777777777778 3.8
0.277777777777778 3.73333333333333
0.277777777777778 3.66666666666667
0.277777777777778 3.6
0.277777777777778 3.53333333333333
0.277777777777778 3.46666666666667
0.277777777777778 3.4
0.277777777777778 3.33333333333333
0.277777777777778 3.26666666666667
0.277777777777778 3.2
0.277777777777778 3.13333333333333
0.277777777777778 3.06666666666667
0.333333333333333 3.93333333333333
0.333333333333333 3.86666666666667
0.333333333333333 3.8
0.333333333333333 3.73333333333333
0.333333333333333 3.66666666666667
0.333333333333333 3.6
0.333333333333333 3.53333333333333
0.333333333333333 3.46666666666667
0.333333333333333 3.4
0.333333333333333 3.33333333333333
0.333333333333333 3.26666666666667
0.333333333333333 3.2
0.333333333333333 3.13333333333333
0.333333333333333 3.06666666666667
0.388888888888889 3.93333333333333
0.388888888888889 3.86666666666667
0.388888888888889 3.8
0.388888888888889 3.73333333333334
0.388888888888889 3.66666666666667
0.388888888888889 3.6
0.388888888888889 3.53333333333333
0.388888888888889 3.46666666666667
0.388888888888889 3.4
0.388888888888889 3.33333333333333
0.388888888888889 3.26666666666666
0.388888888888889 3.2
0.388888888888889 3.13333333333333
0.388888888888889 3.06666666666667
0.444444444444445 3.93333333333333
0.444444444444445 3.86666666666667
0.444444444444445 3.8
0.444444444444445 3.73333333333334
0.444444444444445 3.66666666666667
0.444444444444444 3.6
0.444444444444444 3.53333333333333
0.444444444444444 3.46666666666667
0.444444444444444 3.4
0.444444444444444 3.33333333333333
0.444444444444444 3.26666666666666
0.444444444444444 3.2
0.444444444444444 3.13333333333333
0.444444444444444 3.06666666666667
0.563312243887848 2.06666666666667
0.626624487775401 2.06666666666667
0.68993673166277 2.06666666666667
0.709957821108787 2.06666666666667
0.729978910554784 2.06666666666667
0.750000000000767 2.06666666666667
0.770021089446751 2.06666666666667
0.790042178892719 2.06666666666667
0.810063268338676 2.06666666666667
0.873375512225859 2.06666666666667
0.93668775611293 2.06666666666667
1 2.06666666666667
1.06331224388707 2.06666666666667
1.12662448777414 2.06666666666667
1.18993673166132 2.06666666666667
1.20995782110728 2.06666666666667
1.22997891055325 2.06666666666667
1.24999999999923 2.06666666666667
1.3133122438865 2.06666666666667
1.37662448777391 2.06666666666667
1.43993673166158 2.06666666666667
1.45995782110769 2.06666666666667
1.47997891055383 2.06666666666667
0.563312243887848 2.13333333333333
0.626624487775401 2.13333333333333
0.68993673166277 2.13333333333333
0.709957821108787 2.13333333333333
0.729978910554785 2.13333333333333
0.750000000000768 2.13333333333333
0.770021089446751 2.13333333333333
0.790042178892719 2.13333333333333
0.810063268338676 2.13333333333333
0.873375512225859 2.13333333333333
0.93668775611293 2.13333333333333
1 2.13333333333333
1.06331224388707 2.13333333333333
1.12662448777414 2.13333333333333
1.18993673166132 2.13333333333333
1.20995782110728 2.13333333333333
1.22997891055325 2.13333333333333
1.24999999999923 2.13333333333333
1.3133122438865 2.13333333333333
1.37662448777391 2.13333333333333
1.43993673166158 2.13333333333333
1.45995782110769 2.13333333333333
1.47997891055383 2.13333333333333
0.563312243887848 2.2
0.626624487775401 2.2
0.68993673166277 2.2
0.709957821108787 2.2
0.729978910554785 2.2
0.750000000000768 2.2
0.770021089446751 2.2
0.790042178892719 2.2
0.810063268338676 2.2
0.873375512225859 2.2
0.93668775611293 2.2
1 2.2
1.06331224388707 2.2
1.12662448777414 2.2
1.18993673166133 2.2
1.20995782110728 2.2
1.22997891055325 2.2
1.24999999999923 2.2
1.3133122438865 2.2
1.37662448777391 2.2
1.43993673166158 2.2
1.45995782110769 2.2
1.47997891055383 2.2
0.563312243887848 2.26666666666667
0.626624487775401 2.26666666666667
0.689936731662771 2.26666666666667
0.709957821108787 2.26666666666667
0.729978910554785 2.26666666666667
0.750000000000768 2.26666666666667
0.770021089446751 2.26666666666667
0.790042178892719 2.26666666666667
0.810063268338676 2.26666666666667
0.873375512225859 2.26666666666667
0.93668775611293 2.26666666666667
1 2.26666666666667
1.06331224388707 2.26666666666667
1.12662448777414 2.26666666666667
1.18993673166133 2.26666666666667
1.20995782110728 2.26666666666667
1.22997891055325 2.26666666666667
1.24999999999923 2.26666666666667
1.3133122438865 2.26666666666667
1.37662448777391 2.26666666666667
1.43993673166158 2.26666666666667
1.45995782110769 2.26666666666667
1.47997891055383 2.26666666666667
0.563312243887848 2.33333333333333
0.626624487775401 2.33333333333333
0.68993673166277 2.33333333333333
0.709957821108787 2.33333333333333
0.729978910554785 2.33333333333333
0.750000000000768 2.33333333333333
0.770021089446751 2.33333333333333
0.790042178892719 2.33333333333333
0.810063268338676 2.33333333333333
0.873375512225859 2.33333333333333
0.93668775611293 2.33333333333333
1 2.33333333333333
1.06331224388707 2.33333333333333
1.12662448777414 2.33333333333333
1.18993673166133 2.33333333333333
1.20995782110728 2.33333333333333
1.22997891055325 2.33333333333333
1.24999999999923 2.33333333333333
1.3133122438865 2.33333333333333
1.37662448777391 2.33333333333333
1.43993673166158 2.33333333333333
1.45995782110769 2.33333333333333
1.47997891055383 2.33333333333333
0.563312243887848 2.4
0.626624487775401 2.4
0.68993673166277 2.4
0.709957821108787 2.4
0.729978910554784 2.4
0.750000000000767 2.4
0.770021089446751 2.4
0.790042178892719 2.4
0.810063268338676 2.4
0.873375512225859 2.4
0.93668775611293 2.4
1 2.4
1.06331224388707 2.4
1.12662448777414 2.4
1.18993673166133 2.4
1.20995782110728 2.4
1.22997891055325 2.4
1.24999999999923 2.4
1.3133122438865 2.4
1.37662448777391 2.4
1.43993673166158 2.4
1.45995782110769 2.4
1.47997891055383 2.4
0.563312243887848 2.46666666666667
0.626624487775401 2.46666666666667
0.68993673166277 2.46666666666667
0.709957821108787 2.46666666666667
0.729978910554784 2.46666666666667
0.750000000000767 2.46666666666667
0.770021089446751 2.46666666666667
0.790042178892719 2.46666666666667
0.810063268338676 2.46666666666667
0.873375512225859 2.46666666666667
0.93668775611293 2.46666666666667
1 2.46666666666667
1.06331224388707 2.46666666666667
1.12662448777414 2.46666666666667
1.18993673166133 2.46666666666667
1.20995782110728 2.46666666666667
1.22997891055325 2.46666666666667
1.24999999999923 2.46666666666667
1.3133122438865 2.46666666666667
1.37662448777391 2.46666666666667
1.43993673166158 2.46666666666667
1.45995782110769 2.46666666666667
1.47997891055383 2.46666666666667
0.563312243887848 2.53333333333333
0.626624487775401 2.53333333333333
0.68993673166277 2.53333333333333
0.709957821108786 2.53333333333333
0.729978910554784 2.53333333333333
0.750000000000767 2.53333333333333
0.77002108944675 2.53333333333333
0.790042178892719 2.53333333333333
0.810063268338676 2.53333333333333
0.873375512225859 2.53333333333333
0.93668775611293 2.53333333333333
1 2.53333333333333
1.06331224388707 2.53333333333333
1.12662448777414 2.53333333333333
1.18993673166132 2.53333333333333
1.20995782110728 2.53333333333333
1.22997891055325 2.53333333333333
1.24999999999923 2.53333333333333
1.3133122438865 2.53333333333333
1.37662448777391 2.53333333333333
1.43993673166158 2.53333333333333
1.45995782110769 2.53333333333333
1.47997891055383 2.53333333333333
0.563312243887848 2.6
0.626624487775401 2.6
0.68993673166277 2.6
0.709957821108786 2.6
0.729978910554784 2.6
0.750000000000767 2.6
0.77002108944675 2.6
0.790042178892719 2.6
0.810063268338676 2.6
0.873375512225859 2.6
0.93668775611293 2.6
1 2.6
1.06331224388707 2.6
1.12662448777414 2.6
1.18993673166132 2.6
1.20995782110728 2.6
1.22997891055325 2.6
1.24999999999923 2.6
1.3133122438865 2.6
1.37662448777391 2.6
1.43993673166158 2.6
1.45995782110769 2.6
1.47997891055383 2.6
0.563312243887848 2.66666666666667
0.626624487775401 2.66666666666667
0.68993673166277 2.66666666666667
0.709957821108786 2.66666666666667
0.729978910554784 2.66666666666667
0.750000000000767 2.66666666666667
0.77002108944675 2.66666666666667
0.790042178892719 2.66666666666667
0.810063268338676 2.66666666666667
0.873375512225859 2.66666666666667
0.93668775611293 2.66666666666667
1 2.66666666666667
1.06331224388707 2.66666666666667
1.12662448777414 2.66666666666667
1.18993673166132 2.66666666666667
1.20995782110728 2.66666666666667
1.22997891055325 2.66666666666667
1.24999999999923 2.66666666666667
1.3133122438865 2.66666666666667
1.37662448777391 2.66666666666667
1.43993673166158 2.66666666666667
1.45995782110769 2.66666666666667
1.47997891055383 2.66666666666667
0.563312243887848 2.73333333333333
0.6266244877754 2.73333333333333
0.68993673166277 2.73333333333333
0.709957821108786 2.73333333333333
0.729978910554784 2.73333333333333
0.750000000000767 2.73333333333333
0.77002108944675 2.73333333333333
0.790042178892718 2.73333333333333
0.810063268338676 2.73333333333333
0.873375512225859 2.73333333333333
0.936687756112929 2.73333333333333
1 2.73333333333333
1.06331224388707 2.73333333333333
1.12662448777414 2.73333333333333
1.18993673166132 2.73333333333333
1.20995782110728 2.73333333333333
1.22997891055325 2.73333333333333
1.24999999999923 2.73333333333333
1.3133122438865 2.73333333333333
1.37662448777391 2.73333333333333
1.43993673166158 2.73333333333333
1.45995782110769 2.73333333333333
1.47997891055383 2.73333333333333
0.563312243887848 2.8
0.6266244877754 2.8
0.68993673166277 2.8
0.709957821108786 2.8
0.729978910554784 2.8
0.750000000000767 2.8
0.77002108944675 2.8
0.790042178892718 2.8
0.810063268338676 2.8
0.873375512225859 2.8
0.936687756112929 2.8
1 2.8
1.06331224388707 2.8
1.12662448777414 2.8
1.18993673166132 2.8
1.20995782110728 2.8
1.22997891055325 2.8
1.24999999999923 2.8
1.3133122438865 2.8
1.37662448777391 2.8
1.43993673166158 2.8
1.45995782110769 2.8
1.47997891055383 2.8
0.563312243887848 2.86666666666667
0.6266244877754 2.86666666666667
0.68993673166277 2.86666666666667
0.709957821108786 2.86666666666667
0.729978910554784 2.86666666666667
0.750000000000767 2.86666666666667
0.77002108944675 2.86666666666667
0.790042178892718 2.86666666666667
0.810063268338676 2.86666666666667
0.873375512225859 2.86666666666667
0.936687756112929 2.86666666666667
1 2.86666666666667
1.06331224388707 2.86666666666667
1.12662448777414 2.86666666666667
1.18993673166132 2.86666666666667
1.20995782110728 2.86666666666667
1.22997891055325 2.86666666666667
1.24999999999923 2.86666666666667
1.3133122438865 2.86666666666667
1.37662448777391 2.86666666666667
1.43993673166158 2.86666666666667
1.45995782110769 2.86666666666667
1.47997891055383 2.86666666666667
0.563312243887848 2.93333333333333
0.6266244877754 2.93333333333333
0.68993673166277 2.93333333333333
0.709957821108786 2.93333333333333
0.729978910554784 2.93333333333333
0.750000000000767 2.93333333333333
0.77002108944675 2.93333333333333
0.790042178892719 2.93333333333333
0.810063268338676 2.93333333333333
0.873375512225859 2.93333333333333
0.936687756112929 2.93333333333333
1 2.93333333333333
1.06331224388707 2.93333333333333
1.12662448777414 2.93333333333333
1.18993673166132 2.93333333333333
1.20995782110728 2.93333333333333
1.22997891055325 2.93333333333333
1.24999999999923 2.93333333333333
1.3133122438865 2.93333333333333
1.37662448777391 2.93333333333333
1.43993673166158 2.93333333333333
1.45995782110769 2.93333333333333
1.47997891055383 2.93333333333333
1.94444444444444 2.06666666666667
1.94444444444444 2.13333333333333
1.94444444444444 2.2
1.94444444444444 2.26666666666667
1.94444444444444 2.33333333333333
1.94444444444444 2.4
1.94444444444444 2.46666666666667
1.94444444444444 2.53333333333333
1.94444444444444 2.6
1.94444444444444 2.66666666666667
1.94444444444444 2.73333333333333
1.94444444444444 2.8
1.94444444444444 2.86666666666667
1.94444444444444 2.93333333333333
1.88888888888889 2.06666666666667
1.88888888888889 2.13333333333333
1.88888888888889 2.2
1.88888888888889 2.26666666666667
1.88888888888889 2.33333333333333
1.88888888888889 2.4
1.88888888888889 2.46666666666667
1.88888888888889 2.53333333333333
1.88888888888889 2.6
1.88888888888889 2.66666666666667
1.88888888888889 2.73333333333333
1.88888888888889 2.8
1.88888888888889 2.86666666666667
1.88888888888889 2.93333333333333
1.83333333333333 2.06666666666667
1.83333333333333 2.13333333333333
1.83333333333333 2.2
1.83333333333333 2.26666666666667
1.83333333333333 2.33333333333333
1.83333333333333 2.4
1.83333333333333 2.46666666666667
1.83333333333333 2.53333333333333
1.83333333333333 2.6
1.83333333333333 2.66666666666667
1.83333333333333 2.73333333333333
1.83333333333333 2.8
1.83333333333333 2.86666666666667
1.83333333333333 2.93333333333333
1.77777777777778 2.06666666666667
1.77777777777778 2.13333333333333
1.77777777777778 2.2
1.77777777777778 2.26666666666667
1.77777777777778 2.33333333333333
1.77777777777778 2.4
1.77777777777778 2.46666666666667
1.77777777777778 2.53333333333333
1.77777777777778 2.6
1.77777777777778 2.66666666666667
1.77777777777778 2.73333333333333
1.77777777777778 2.8
1.77777777777778 2.86666666666667
1.77777777777778 2.93333333333333
1.72222222222222 2.06666666666667
1.72222222222222 2.13333333333333
1.72222222222222 2.2
1.72222222222222 2.26666666666667
1.72222222222222 2.33333333333333
1.72222222222222 2.4
1.72222222222222 2.46666666666667
1.72222222222222 2.53333333333333
1.72222222222222 2.6
1.72222222222222 2.66666666666667
1.72222222222222 2.73333333333333
1.72222222222222 2.8
1.72222222222222 2.86666666666667
1.72222222222222 2.93333333333333
1.66666666666667 2.06666666666667
1.66666666666667 2.13333333333333
1.66666666666667 2.2
1.66666666666667 2.26666666666667
1.66666666666667 2.33333333333333
1.66666666666667 2.4
1.66666666666667 2.46666666666667
1.66666666666667 2.53333333333333
1.66666666666667 2.6
1.66666666666667 2.66666666666667
1.66666666666667 2.73333333333333
1.66666666666667 2.8
1.66666666666667 2.86666666666667
1.66666666666667 2.93333333333333
1.61111111111111 2.06666666666667
1.61111111111111 2.13333333333333
1.61111111111111 2.2
1.61111111111111 2.26666666666667
1.61111111111111 2.33333333333333
1.61111111111111 2.4
1.61111111111111 2.46666666666667
1.61111111111111 2.53333333333333
1.61111111111111 2.6
1.61111111111111 2.66666666666667
1.61111111111111 2.73333333333333
1.61111111111111 2.8
1.61111111111111 2.86666666666667
1.61111111111111 2.93333333333333
1.55555555555556 2.06666666666667
1.55555555555556 2.13333333333333
1.55555555555556 2.2
1.55555555555556 2.26666666666667
1.55555555555556 2.33333333333333
1.55555555555556 2.4
1.55555555555556 2.46666666666667
1.55555555555556 2.53333333333333
1.55555555555556 2.6
1.55555555555556 2.66666666666667
1.55555555555556 2.73333333333333
1.55555555555556 2.8
1.55555555555556 2.86666666666667
1.55555555555556 2.93333333333333
1.94444444444444 3.93333333333333
1.88888888888889 3.93333333333333
1.83333333333333 3.93333333333333
1.77777777777778 3.93333333333333
1.72222222222222 3.93333333333333
1.66666666666667 3.93333333333333
1.61111111111111 3.93333333333333
1.55555555555556 3.93333333333333
1.94444444444444 3.86666666666667
1.88888888888889 3.86666666666667
1.83333333333333 3.86666666666667
1.77777777777778 3.86666666666667
1.72222222222222 3.86666666666667
1.66666666666667 3.86666666666667
1.61111111111111 3.86666666666667
1.55555555555556 3.86666666666667
1.94444444444444 3.8
1.88888888888889 3.8
1.83333333333333 3.8
1.77777777777778 3.8
1.72222222222222 3.8
1.66666666666667 3.8
1.61111111111111 3.8
1.55555555555556 3.8
1.94444444444444 3.73333333333333
1.88888888888889 3.73333333333333
1.83333333333333 3.73333333333333
1.77777777777778 3.73333333333333
1.72222222222222 3.73333333333333
1.66666666666667 3.73333333333333
1.61111111111111 3.73333333333333
1.55555555555556 3.73333333333333
1.94444444444444 3.66666666666667
1.88888888888889 3.66666666666667
1.83333333333333 3.66666666666667
1.77777777777778 3.66666666666667
1.72222222222222 3.66666666666667
1.66666666666667 3.66666666666667
1.61111111111111 3.66666666666667
1.55555555555556 3.66666666666667
1.94444444444444 3.6
1.88888888888889 3.6
1.83333333333333 3.6
1.77777777777778 3.6
1.72222222222222 3.6
1.66666666666667 3.6
1.61111111111111 3.6
1.55555555555556 3.6
1.94444444444444 3.53333333333333
1.88888888888889 3.53333333333333
1.83333333333333 3.53333333333333
1.77777777777778 3.53333333333333
1.72222222222222 3.53333333333333
1.66666666666667 3.53333333333333
1.61111111111111 3.53333333333333
1.55555555555556 3.53333333333333
1.94444444444444 3.46666666666667
1.88888888888889 3.46666666666667
1.83333333333333 3.46666666666667
1.77777777777778 3.46666666666667
1.72222222222222 3.46666666666667
1.66666666666667 3.46666666666667
1.61111111111111 3.46666666666667
1.55555555555556 3.46666666666667
1.94444444444444 3.4
1.88888888888889 3.4
1.83333333333333 3.4
1.77777777777778 3.4
1.72222222222222 3.4
1.66666666666667 3.4
1.61111111111111 3.4
1.55555555555556 3.4
1.94444444444444 3.33333333333333
1.88888888888889 3.33333333333333
1.83333333333333 3.33333333333333
1.77777777777778 3.33333333333333
1.72222222222222 3.33333333333333
1.66666666666667 3.33333333333333
1.61111111111111 3.33333333333333
1.55555555555556 3.33333333333333
1.94444444444444 3.26666666666667
1.88888888888889 3.26666666666667
1.83333333333333 3.26666666666667
1.77777777777778 3.26666666666667
1.72222222222222 3.26666666666666
1.66666666666667 3.26666666666666
1.61111111111111 3.26666666666666
1.55555555555556 3.26666666666666
1.94444444444444 3.2
1.88888888888889 3.2
1.83333333333333 3.2
1.77777777777778 3.2
1.72222222222222 3.2
1.66666666666667 3.2
1.61111111111111 3.2
1.55555555555556 3.2
1.94444444444444 3.13333333333333
1.88888888888889 3.13333333333333
1.83333333333333 3.13333333333333
1.77777777777778 3.13333333333333
1.72222222222222 3.13333333333333
1.66666666666667 3.13333333333333
1.61111111111111 3.13333333333333
1.55555555555556 3.13333333333333
1.94444444444444 3.06666666666667
1.88888888888889 3.06666666666667
1.83333333333333 3.06666666666667
1.77777777777778 3.06666666666667
1.72222222222222 3.06666666666667
1.66666666666667 3.06666666666667
1.61111111111111 3.06666666666666
1.55555555555556 3.06666666666667
0.563312243887331 3.93333333333334
0.563312243887331 3.86666666666667
0.563312243887331 3.8
0.563312243887331 3.73333333333334
0.563312243887331 3.66666666666667
0.56331224388733 3.6
0.56331224388733 3.53333333333333
0.56331224388733 3.46666666666667
0.563312243887329 3.4
0.563312243887329 3.33333333333333
0.563312243887329 3.26666666666666
0.563312243887329 3.2
0.563312243887329 3.13333333333333
0.563312243887329 3.06666666666666
0.62662448777466 3.93333333333333
0.626624487774659 3.86666666666667
0.626624487774659 3.8
0.626624487774659 3.73333333333333
0.626624487774659 3.66666666666667
0.626624487774659 3.6
0.626624487774659 3.53333333333333
0.626624487774659 3.46666666666667
0.626624487774659 3.4
0.626624487774659 3.33333333333333
0.62662448777466 3.26666666666667
0.62662448777466 3.2
0.62662448777466 3.13333333333333
0.62662448777466 3.06666666666667
0.689936731661989 3.93333333333333
0.689936731661989 3.86666666666667
0.689936731661989 3.8
0.689936731661989 3.73333333333333
0.689936731661989 3.66666666666667
0.689936731661989 3.6
0.689936731661989 3.53333333333333
0.689936731661989 3.46666666666667
0.689936731661989 3.4
0.689936731661989 3.33333333333333
0.68993673166199 3.26666666666667
0.68993673166199 3.2
0.68993673166199 3.13333333333333
0.68993673166199 3.06666666666667
0.709957821107993 3.93333333333333
0.709957821107993 3.86666666666667
0.709957821107993 3.8
0.709957821107993 3.73333333333333
0.709957821107993 3.66666666666667
0.709957821107993 3.6
0.709957821107993 3.53333333333333
0.709957821107993 3.46666666666667
0.709957821107993 3.4
0.709957821107993 3.33333333333333
0.709957821107993 3.26666666666667
0.709957821107993 3.2
0.709957821107993 3.13333333333333
0.709957821107993 3.06666666666667
0.729978910553996 3.93333333333333
0.729978910553996 3.86666666666667
0.729978910553996 3.8
0.729978910553996 3.73333333333333
0.729978910553996 3.66666666666667
0.729978910553996 3.6
0.729978910553996 3.53333333333333
0.729978910553996 3.46666666666667
0.729978910553996 3.4
0.729978910553997 3.33333333333333
0.729978910553997 3.26666666666667
0.729978910553997 3.2
0.729978910553997 3.13333333333333
0.729978910553997 3.06666666666667
0.770021089446004 3.93333333333333
0.770021089446004 3.86666666666667
0.770021089446004 3.8
0.770021089446004 3.73333333333333
0.770021089446004 3.66666666666667
0.770021089446004 3.6
0.770021089446004 3.53333333333333
0.770021089446004 3.46666666666667
0.770021089446004 3.4
0.770021089446004 3.33333333333333
0.770021089446004 3.26666666666666
0.770021089446004 3.2
0.770021089446004 3.13333333333333
0.770021089446004 3.06666666666667
0.790042178892007 3.93333333333333
0.790042178892007 3.86666666666667
0.790042178892007 3.8
0.790042178892007 3.73333333333333
0.790042178892007 3.66666666666667
0.790042178892007 3.6
0.790042178892007 3.53333333333333
0.790042178892007 3.46666666666667
0.790042178892007 3.4
0.790042178892007 3.33333333333333
0.790042178892007 3.26666666666666
0.790042178892007 3.2
0.790042178892007 3.13333333333333
0.790042178892007 3.06666666666667
0.81006326833801 3.93333333333333
0.81006326833801 3.86666666666667
0.81006326833801 3.8
0.81006326833801 3.73333333333334
0.81006326833801 3.66666666666667
0.81006326833801 3.6
0.81006326833801 3.53333333333333
0.81006326833801 3.46666666666667
0.81006326833801 3.4
0.81006326833801 3.33333333333333
0.81006326833801 3.26666666666666
0.810063268338011 3.2
0.810063268338011 3.13333333333333
0.810063268338011 3.06666666666667
0.87337551222534 3.93333333333334
0.87337551222534 3.86666666666667
0.87337551222534 3.8
0.87337551222534 3.73333333333334
0.87337551222534 3.66666666666667
0.87337551222534 3.6
0.87337551222534 3.53333333333333
0.87337551222534 3.46666666666667
0.87337551222534 3.4
0.87337551222534 3.33333333333333
0.87337551222534 3.26666666666666
0.87337551222534 3.2
0.87337551222534 3.13333333333333
0.87337551222534 3.06666666666667
0.936687756112669 3.93333333333333
0.936687756112669 3.86666666666667
0.936687756112669 3.8
0.936687756112669 3.73333333333334
0.936687756112669 3.66666666666667
0.936687756112669 3.6
0.936687756112669 3.53333333333333
0.936687756112669 3.46666666666667
0.936687756112669 3.4
0.936687756112669 3.33333333333333
0.936687756112669 3.26666666666666
0.936687756112669 3.2
0.936687756112669 3.13333333333333
0.936687756112669 3.06666666666667
0.999999999999999 3.93333333333333
0.999999999999999 3.86666666666667
0.999999999999999 3.8
0.999999999999999 3.73333333333333
0.999999999999999 3.66666666666667
0.999999999999999 3.6
0.999999999999999 3.53333333333333
0.999999999999999 3.46666666666667
0.999999999999999 3.4
0.999999999999999 3.33333333333333
0.999999999999999 3.26666666666667
0.999999999999999 3.2
0.999999999999999 3.13333333333333
0.999999999999999 3.06666666666667
1.06331224388733 3.93333333333333
1.06331224388733 3.86666666666667
1.06331224388733 3.8
1.06331224388733 3.73333333333333
1.06331224388733 3.66666666666667
1.06331224388733 3.6
1.06331224388733 3.53333333333333
1.06331224388733 3.46666666666667
1.06331224388733 3.4
1.06331224388733 3.33333333333333
1.06331224388733 3.26666666666667
1.06331224388733 3.2
1.06331224388733 3.13333333333333
1.06331224388733 3.06666666666667
1.12662448777466 3.93333333333333
1.12662448777466 3.86666666666667
1.12662448777466 3.8
1.12662448777466 3.73333333333333
1.12662448777466 3.66666666666667
1.12662448777466 3.6
1.12662448777466 3.53333333333333
1.12662448777466 3.46666666666667
1.12662448777466 3.4
1.12662448777466 3.33333333333333
1.12662448777466 3.26666666666667
1.12662448777466 3.2
1.12662448777466 3.13333333333333
1.12662448777466 3.06666666666667
1.18993673166199 3.93333333333333
1.18993673166199 3.86666666666667
1.18993673166199 3.8
1.18993673166199 3.73333333333333
1.18993673166199 3.66666666666667
1.18993673166199 3.6
1.18993673166199 3.53333333333333
1.18993673166199 3.46666666666667
1.18993673166199 3.4
1.18993673166199 3.33333333333333
1.18993673166199 3.26666666666667
1.18993673166199 3.2
1.18993673166199 3.13333333333333
1.18993673166199 3.06666666666667
1.20995782110799 3.93333333333333
1.20995782110799 3.86666666666667
1.20995782110799 3.8
1.20995782110799 3.73333333333333
1.20995782110799 3.66666666666667
1.20995782110799 3.6
1.20995782110799 3.53333333333333
1.20995782110799 3.46666666666667
1.20995782110799 3.4
1.20995782110799 3.33333333333333
1.20995782110799 3.26666666666667
1.20995782110799 3.2
1.20995782110799 3.13333333333333
1.20995782110799 3.06666666666667
1.229978910554 3.93333333333333
1.229978910554 3.86666666666667
1.229978910554 3.8
1.229978910554 3.73333333333333
1.229978910554 3.66666666666667
1.229978910554 3.6
1.229978910554 3.53333333333333
1.229978910554 3.46666666666667
1.229978910554 3.4
1.229978910554 3.33333333333333
1.229978910554 3.26666666666667
1.229978910554 3.2
1.229978910554 3.13333333333333
1.229978910554 3.06666666666667
1.479978910554 3.93333333333333
1.45995782110799 3.93333333333333
1.43993673166199 3.93333333333333
1.37662448777466 3.93333333333333
1.31331224388733 3.93333333333333
1.479978910554 3.86666666666667
1.45995782110799 3.86666666666667
1.43993673166199 3.86666666666667
1.37662448777466 3.86666666666667
1.31331224388733 3.86666666666666
1.479978910554 3.8
1.45995782110799 3.8
1.43993673166199 3.8
1.37662448777466 3.8
1.31331224388733 3.8
1.479978910554 3.73333333333334
1.45995782110799 3.73333333333334
1.43993673166199 3.73333333333334
1.37662448777466 3.73333333333333
1.31331224388733 3.73333333333333
1.479978910554 3.66666666666667
1.45995782110799 3.66666666666667
1.43993673166199 3.66666666666667
1.37662448777466 3.66666666666667
1.31331224388733 3.66666666666666
1.479978910554 3.6
1.45995782110799 3.6
1.43993673166199 3.6
1.37662448777466 3.6
1.31331224388733 3.6
1.479978910554 3.53333333333333
1.45995782110799 3.53333333333333
1.43993673166199 3.53333333333333
1.37662448777466 3.53333333333333
1.31331224388733 3.53333333333333
1.479978910554 3.46666666666667
1.45995782110799 3.46666666666667
1.43993673166199 3.46666666666667
1.37662448777466 3.46666666666667
1.31331224388733 3.46666666666666
1.479978910554 3.4
1.45995782110799 3.4
1.43993673166199 3.4
1.37662448777466 3.4
1.31331224388733 3.4
1.479978910554 3.33333333333333
1.45995782110799 3.33333333333333
1.43993673166199 3.33333333333333
1.37662448777466 3.33333333333333
1.31331224388733 3.33333333333333
1.479978910554 3.26666666666666
1.45995782110799 3.26666666666666
1.43993673166199 3.26666666666666
1.37662448777466 3.26666666666666
1.31331224388733 3.26666666666667
1.479978910554 3.2
1.45995782110799 3.2
1.43993673166199 3.2
1.37662448777466 3.2
1.31331224388733 3.2
1.479978910554 3.13333333333333
1.45995782110799 3.13333333333333
1.43993673166199 3.13333333333333
1.37662448777466 3.13333333333333
1.31331224388733 3.13333333333333
1.479978910554 3.06666666666667
1.45995782110799 3.06666666666667
1.43993673166199 3.06666666666667
1.37662448777466 3.06666666666667
1.31331224388733 3.06666666666667
1.94419494348677 0.933328428805917
1.88838988697355 0.933323524278508
1.9439454425291 0.866656857611842
1.8878908850582 0.866647048557009
1.72187399511448 0.934484434720645
1.72152576800674 0.868968869441296
1.7772294127874 0.933901527235875
1.77668104779701 0.867803054471737
1.61263756786497 0.937466118553604
1.55875655828839 0.939864894901784
1.61416402461884 0.874932237107209
1.56195756102121 0.879729789803564
1.47738063884181 0.943584598927983
1.44988572897182 0.944905526606013
1.47478236712962 0.887169197855973
1.43981363683563 0.889811053212015
1.36444278813294 0.947017037161172
1.30649475716407 0.947807620038314
1.35226108849123 0.894034074322349
1.29967727044081 0.895615240076626
1.19756652835895 0.956195297314247
1.1851752356099 0.912390594628507
1.22305662727708 0.952396750114855
1.21613434400015 0.9047935002297
1.11457569677801 0.959292495779226
1.05707496411518 0.958591147044809
1.10252690578134 0.918584991558461
1.05083768434304 0.917182294089612
0.884058444706578 0.958303376006954
0.894741377187818 0.916606752013911
0.941816338079474 0.958096587158673
0.946944920046271 0.916193174317342
0.775270192035892 0.958673409783164
0.780519294625787 0.917346819566333
0.80078537168479 0.958591787319207
0.811528564477568 0.917183574638401
0.698483700711417 0.954492939458893
0.687009580314844 0.908985878917785
0.72411935654921 0.956623985853014
0.718259802544416 0.913247971706018
0.555915556776515 0.947374986267053
0.5485188696657 0.894749972534109
0.614381800825071 0.949868439665914
0.602139113875481 0.899736879331829
0.388374985697386 0.939696850672579
0.387861082505885 0.879393701345155
0.442912149212673 0.942289191770386
0.441379853980899 0.884578383540771
0.223402992428441 0.935179561418817
0.224583762634661 0.870359122837634
0.278620407305272 0.936142035496796
0.279463036832764 0.872284070993586
0.0560618591838703 0.933627918002504
0.0565681628121855 0.867255836005006
0.112123718367741 0.933922502671674
0.11313632562437 0.867845005343341
0.0493982864756529 0.0663238385487022
0.0987965729513064 0.0659810104307388
0.0511775253322589 0.132647677097405
0.102355050664517 0.131962020861476
0.197151714210926 0.0655354878690666
0.246108568994892 0.0654327934253599
0.203827237945661 0.131070975738134
0.254121899894546 0.130865586850719
0.389538924636022 0.0573312774132363
0.398125468319665 0.114662554826473
0.34230217420744 0.0613306881974447
0.351271015081548 0.122661376394889
0.483989675524401 0.0521107523965693
0.531203675984201 0.0508896381641106
0.491788874858329 0.104221504793139
0.538597828158876 0.101779276328221
0.625699664425543 0.0495212478196493
0.672981652407093 0.0493739717076472
0.632351709803472 0.0990424956392985
0.679296638147515 0.098747943415294
0.767617156406537 0.0494789392220123
0.814970672424443 0.0497311828483804
0.773329550908321 0.0989578784440251
0.820417535325067 0.0994623656967598
0.909691101327471 0.0503384852198738
0.957058014212606 0.0506935439650002
0.914620297893043 0.100676970439748
0.961735076044253 0.10138708793
1.09944071461583 0.0518638425542133
1.10364333399357 0.103727685108427
1.05193282085678 0.0514562226321701
1.05624659409452 0.10291244526434
1.24170607277285 0.0524451633892973
1.24531690745047 0.104890326778595
1.19432734057387 0.0523583129327774
1.19817849067154 0.104716625865554
1.38301940435603 0.0517499710965565
1.38508642775969 0.103499942193114
1.33605210466394 0.0521409924711873
1.33877087599454 0.104281984942374
1.52269825659513 0.0504773034327085
1.52158698938074 0.100954606865417
1.47634248032164 0.0509181265773175
1.47649448445278 0.101836253154634
1.61499479004195 0.054366408320925
1.66093554721528 0.0586963363537509
1.61094196103628 0.10873281664185
1.65520442776388 0.117392672707501
1.755152137392 0.0636272403876028
1.80342797039542 0.0642282163886302
1.74839951287926 0.127254480775206
1.79733213126702 0.128456432777259
1.95056793446627 0.0660541752409966
1.9487549165516 0.132108350481994
1.90113586893256 0.0654416838153271
1.8975098331032 0.130883367630653
0.0574630425748289 0.734296567812602
0.057851618709158 0.667709381617699
0.114926085149658 0.735259802291873
0.115703237418315 0.668752096568727
0.0585321254526498 0.533976756690333
0.0588240560618136 0.466831317957871
0.1170642509053 0.534620180047328
0.117648112123626 0.466995969249074
0.0550098383495681 0.265876303505874
0.110019676699137 0.265085940345084
0.0570629125102726 0.332781091365644
0.114125825020545 0.332228849397949
1.94512488746675 0.265219118137209
1.94330787629657 0.332275710551428
1.8902497749335 0.263771569607751
1.88661575259315 0.331218087769521
1.94165858916838 0.466360887718448
1.94182631321038 0.533389472471248
1.88331717833677 0.466055108770227
1.88365262642073 0.533445611609163
1.94312864013173 0.733462876686522
1.88625728026348 0.733592420039712
1.94256133869205 0.666940466955287
1.88512267738409 0.667214267243903
1.71939787189769 0.737205337681383
1.7176182028964 0.670957371200826
1.77439189614646 0.735463650537145
1.77265110948626 0.669222719366673
1.61349532764382 0.748145851012722
1.56258680763872 0.75734467719982
1.61130017391495 0.683893346364634
1.56001505152337 0.695094669694287
1.46663547946826 0.77159380041634
1.42159267130292 0.77664409744577
1.4610868635191 0.712433804048726
1.41344379790639 0.718571615073505
1.32703920833341 0.784770641234832
1.27752855352924 0.787846887994477
1.31399902781731 0.728490170986148
1.26219732334091 0.732270915874003
0.909475180458743 0.831494907253825
0.913526051248429 0.788079686486793
0.954750279271229 0.832069394034753
0.95742705652938 0.789849026593477
0.787740074189632 0.829704481999149
0.789711751163592 0.783388734648806
0.825970077917944 0.830312451236031
0.82966839856553 0.784849540514446
0.672662215213883 0.814783670025911
0.669788970509509 0.766088521675154
0.711086142837608 0.821940091394096
0.709772037135573 0.77400822522915
0.538204425594253 0.789688762923099
0.535286668633625 0.737252567045044
0.586221356592211 0.798658005790421
0.582546286258526 0.747710692583092
0.387645662916657 0.757935585592009
0.387944146518935 0.696780619166286
0.438916578756477 0.769327552823898
0.437985598763824 0.711787530336632
0.227051000841938 0.739663230634134
0.228337468842998 0.673787777011819
0.281712873959391 0.74310342449713
0.283120081558518 0.677780742503873
0.219341626307567 0.26517417789968
0.273653737566431 0.26605277861507
0.22818049093474 0.333741892192161
0.28517224433866 0.335807176954061
0.417602255320564 0.229417655630455
0.428492498637825 0.286841479021203
0.372784052072929 0.248174517480458
0.385328248190202 0.312356970368582
0.508332818314121 0.206450909142932
0.554245178060041 0.202241024505412
0.517077562435988 0.256569561096158
0.562498375786532 0.251813134518491
0.646072750220883 0.197666080398971
0.691987962635804 0.197301020930052
0.653141745260371 0.246768417338995
0.698364301383663 0.24648012673716
0.784301090661995 0.198101020192838
0.830699006273275 0.199266078924545
0.789560235913905 0.247765222719639
0.83553361432084 0.249338609303949
0.923924312922332 0.201811360235629
0.970751703960118 0.203191582815008
0.928299131386058 0.252607264811639
0.975091270044324 0.254302533735013
1.11247238886934 0.208536187425386
1.1170988243674 0.261480847188132
1.06502574193363 0.206553996409886
1.06949111653499 0.25873932492326
1.25409349791462 0.211493483248497
1.25925925370118 0.265651476329105
1.20700626685986 0.211005930844694
1.21198289295048 0.264936922891052
1.3918677472051 0.207628016084217
1.39658204324686 0.260006118878762
1.34652423808726 0.209804525868259
1.35155882884936 0.263186074322958
1.52085575063401 0.198305731944374
1.52123577910168 0.245179553590622
1.47903350347848 0.201878619122273
1.48142051837301 0.251002858512594
1.60105498788196 0.215565022821878
1.63943197797439 0.236397200877281
1.59522084373332 0.268030820680979
1.62939064763629 0.296705392693309
1.73033086617796 0.25892759298122
1.78285276428911 0.260625807029757
1.71901484398942 0.326973464799632
1.77446923643957 0.328566964893622
0.232089076416673 0.539378084421214
0.234554215989293 0.470843845452927
0.288581776475398 0.543492565438099
0.292636263793143 0.474527070365575
1.71041205916562 0.464916025985452
1.76769391333539 0.465332677903729
1.71312529653036 0.534812715352859
1.76930211808073 0.534157233049967
1.60058868331756 0.484650189118958
1.60484685175182 0.552145515417746
1.54804716163926 0.504801004170735
1.55274522852364 0.56882283317975
1.4453339681413 0.533065905320483
1.45043610785562 0.593169856500801
1.39516229632165 0.541179991418454
1.40022861041575 0.600839562059847
0.794470051133143 0.688936271673825
0.797256674128742 0.640799556049198
0.837574217451666 0.691956714053887
0.841781715690205 0.644526798314895
0.534403048602222 0.636023991073527
0.536437185531456 0.587231610980079
0.580100313953829 0.648876256964028
0.58132941198281 0.600989134552283
0.392951578772954 0.572795272697666
0.397660527424697 0.509964892654776
0.440828681011786 0.597983498940349
0.444602743252396 0.541719490031321
0.466920032944122 0.381241837766641
0.494457323933167 0.418218373121333
0.434644754510284 0.414188175189262
0.471417064713084 0.451836927121814
0.540775406710369 0.346495571311936
0.582355502042774 0.344695642279855
0.555728506862882 0.386302929574494
0.593959430572516 0.388006040028134
0.667035159672424 0.343461608549766
0.710134721969675 0.344027503851765
0.673859579044993 0.391052462820518
0.715528803807822 0.392395775159255
0.798173113633419 0.347062017073631
0.843111942999918 0.349530634993502
0.801526846101039 0.396694608900823
0.845855663631415 0.399650130303648
1.41427483566807 0.365910132495597
1.42725333204754 0.419436043317885
1.3677609404835 0.371551888777455
1.37892846135551 0.426536154777255
0.67683252955012 0.483957587512191
0.717819752453178 0.487645185415713
0.672981060682683 0.52927185793312
0.714716619260378 0.534526324364671
0.803268151420545 0.495105747293532
0.847729327484865 0.498878711267835
0.801655724272442 0.543884293859051
0.846859270706803 0.547987796921872
1.54652071000733 0.333753871097966
1.57142561244532 0.375454366959064
1.50365472043 0.347011123655853
1.52350190759243 0.393895149408788
0.925166530335143 0.69961533742459
0.932756138632177 0.654566209129432
0.969654676900109 0.704253518415242
0.979205520012677 0.660878377678259
1.16177140548129 0.826082178473975
1.15075886810173 0.783578465005205
1.19489465210318 0.808502656614048
1.18057724348313 0.759815062883528
1.08577389860084 0.839989093827827
1.04289963834228 0.836316487321747
1.081069682417 0.802100700317971
1.04119887211366 0.796859533509073
1.0978784949698 0.73034706749291
1.05601065921744 0.7196193834494
1.11939152370645 0.696481828177713
1.07252321254981 0.6818361872024
0.667653681141828 0.669790958334271
0.668391636478538 0.622188543344162
0.709509782978231 0.677853393814021
0.710561634522904 0.629630428563826
0.559944845497158 0.463553268853574
0.597895076072111 0.471911629231126
0.549208083978925 0.500996249870101
0.59022679304195 0.512506820685833
0.934988751127141 0.355054577509876
0.98192672988788 0.358109902106383
0.937303552404508 0.40670598563211
0.98442262364721 0.410806319557744
1.12643723004321 0.371471055308841
1.13114920022099 0.428516603666803
1.07765096934591 0.366318141005864
1.08134544755545 0.421711628575091
1.27257252711277 0.377003753243482
1.28072004473784 0.434198037077256
1.22389800892666 0.37681386142765
1.23083649881217 0.434759807917884
0.939860818097647 0.508743956114318
0.987531132646121 0.5148362369865
0.940103282513428 0.559130518474295
0.988143747885682 0.566169736963892
1.13754229774687 0.544580297637347
1.13922342509498 0.60359844324993
1.08637187247073 0.532754407748016
1.08770381917646 0.588403699351708
1.29289799067566 0.551664780853172
1.29692841898844 0.611937240795315
1.24080535684935 0.554035484189927
1.24383572500097 0.615365213971732

patch_cp
13
4 0
4 0.333333333333334
4 0.666666666666667
4 1
3.33333333333333 0
3.33333333333332 0.333333333333332
3.33333333333333 0.666666666666669
3.33333333333333 1
2.66666666666667 0
2.66666666666667 0.333333333333335
2.66666666666666 0.666666666666664
2.66666666666667 1
2 0
2 0.333333333333333
2 0.666666666666667
2 1
4 1
4 1.33333333333333
4 1.66666666666667
4 2
3.33333333333333 1
3.33333333333334 1.33333333333334
3.33333333333332 1.66666666666666
3.33333333333333 2
2.66666666666667 1
2.66666666666666 1.33333333333333
2.66666666666667 1.66666666666667
2.66666666666667 2
2 1
2 1.33333333333333
2 1.66666666666667
2 2
4 4
3.33333333333334 4
2.66666666666666 4
2 4
4 3.33333333333333
3.33333333333333 3.33333333333423
2.66666666666667 3.33333333333515
2 3.33333333333606
4 2.66666666666667
3.33333333333333 2.66666666666576
2.66666666666666 2.66666666666484
2 2.66666666666394
4 2
3.33333333333333 2
2.66666666666667 2
2 2
0 1
0.333333333333334 1
0.666666666666667 1
1 1
0 1.33333333333333
0.333333333334242 1.33333333333333
0.666666666665759 1.33333333333334
1 1.33333333333333
0 1.66666666666667
0.333333333335154 1.66666666666667
0.666666666664846 1.66666666666666
1 1.66666666666667
0 2
0.333333333336062 2
0.666666666663938 2
1 2
2 1
2 1.33333333333333
2 1.66666666666667
2 2
1.66666666666667 1
1.66666666666576 1.33333333333333
1.66666666666484 1.66666666666667
1.66666666666394 2
1.33333333333333 1
1.33333333333425 1.33333333333334
1.33333333333515 1.66666666666666
1.33333333333606 2
1 1
1 1.33333333333333
1 1.66666666666667
1 2
0 2
0.166666666666667 2
0.333333333333333 2
0.5 2
0 2.33333333333333
0.166666666666666 2.33333333333333
0.333333333333334 2.33333333333334
0.5 2.33333333333333
0 2.66666666666667
0.166666666666668 2.66666666666667
0.333333333333332 2.66666666666666
0.5 2.66666666666667
0 3
0.166666666666667 3
0.333333333333333 3
0.5 3
0 4
0 3.66666666666667
0 3.33333333333333
0 3
0.166666666666666 4
0.166666666666666 3.66666666666665
0.166666666666667 3.33333333333335
0.166666666666667 3
0.333333333333334 4
0.333333333333334 3.66666666666668
0.333333333333333 3.33333333333332
0.333333333333333 3
0.5 4
0.5 3.66666666666667
0.5 3.33333333333333
0.5 3
0.5 2
0.833333333336061 2
1.16666666666394 2
1.5 2
0.5 2.33333333333333
0.833333333336064 2.33333333333334
1.16666666666394 2.33333333333333
1.5 2.33333333333333
0.5 2.66666666666667
0.833333333336059 2.66666666666666
1.16666666666394 2.66666666666667
1.5 2.66666666666667
0.5 3
0.833333333336061 3
1.16666666666394 3
1.5 3
2 2
2 2.33333333333333
2 2.66666666666667
2 3
1.83333333333333 2
1.83333333333333 2.33333333333333
1.83333333333334 2.66666666666667
1.83333333333333 3
1.66666666666667 2
1.66666666666667 2.33333333333334
1.66666666666666 2.66666666666666
1.66666666666667 3
1.5 2
1.5 2.33333333333333
1.5 2.66666666666667
1.5 3
2 4
1.83333333333333 4
1.66666666666667 4
1.5 4
2 3.66666666666667
1.83333333333333 3.66666666666665
1.66666666666667 3.66666666666668
1.5 3.66666666666667
2 3.33333333333333
1.83333333333333 3.33333333333335
1.66666666666667 3.33333333333331
1.5 3.33333333333333
2 3
1.83333333333333 3
1.66666666666667 3
1.5 3
0.5 4
0.5 3.66666666666667
0.5 3.33333333333333
0.5 3
0.583333333333335 4
0.583333333333336 3.66666666666668
0.58333333333333 3.33333333333332
0.583333333333333 3
0.666666666666666 4
0.666666666666663 3.66666666666666
0.666666666666669 3.33333333333334
0.666666666666667 3
0.75 4
0.75 3.66666666666667
0.75 3.33333333333333
0.75 3
0.75 4
0.75 3.66666666666667
0.75 3.33333333333333
0.75 3
0.916666666666666 4
0.916666666666667 3.66666666666668
0.916666666666666 3.33333333333332
0.916666666666667 3
1.08333333333333 4
1.08333333333333 3.66666666666666
1.08333333333333 3.33333333333334
1.08333333333333 3
1.25 4
1.25 3.66666666666667
1.25 3.33333333333333
1.25 3
1.5 4
1.41666666666667 4
1.33333333333333 4
1.25 4
1.5 3.66666666666667
1.41666666666667 3.66666666666668
1.33333333333333 3.66666666666665
1.25 3.66666666666667
1.5 3.33333333333333
1.41666666666666 3.33333333333332
1.33333333333333 3.33333333333334
1.25 3.33333333333333
1.5 3
1.41666666666667 3
1.33333333333333 3
1.25 3
