MFEM NURBS NC-patch mesh v1.0

# NCMesh supported geometry types:
# SEGMENT     = 1
# TRIANGLE    = 2
# SQUARE      = 3
# TETRAHEDRON = 4
# CUBE        = 5
# PRISM       = 6
# PYRAMID     = 7

dimension
2

rank
0

# rank attr geom ref_type nodes/children
elements
170
0 3 3 0 0 15 13 14
0 2 3 0 0 14 11 12
0 1 3 0 6 5 4 1
0 1 3 0 0 6 1 2
0 1 3 0 7 3 10 9
0 1 3 0 9 10 4 5
0 1 3 0 3 8 15 10
0 1 3 0 2 1 4 10
0 1 3 0 14 16 71 65
0 1 3 0 17 72 71 16
0 1 3 0 18 73 72 17
0 1 3 0 19 74 73 18
0 1 3 0 20 75 74 19
0 1 3 0 20 21 76 75
0 1 3 0 21 22 77 76
0 1 3 0 22 23 78 77
0 1 3 0 24 79 78 23
0 1 3 0 13 80 79 24
0 1 3 0 13 81 82 80
0 1 3 0 66 83 81 13
0 1 3 0 67 84 83 66
0 1 3 0 67 68 85 84
0 1 3 0 68 69 86 85
0 1 3 0 69 70 87 86
0 1 3 0 8 29 87 70
0 1 3 0 29 30 88 87
0 1 3 0 30 31 89 88
0 1 3 0 32 90 89 31
0 1 3 0 32 3 91 90
0 1 3 0 3 25 92 91
0 1 3 0 25 26 93 92
0 1 3 0 26 27 94 93
0 1 3 0 27 28 95 94
0 1 3 0 7 33 95 28
0 1 3 0 34 96 95 33
0 1 3 0 34 35 97 96
0 1 3 0 36 98 97 35
0 1 3 0 37 99 98 36
0 1 3 0 38 100 99 37
0 1 3 0 39 101 100 38
0 1 3 0 40 102 101 39
0 1 3 0 41 103 102 40
0 1 3 0 42 104 103 41
0 1 3 0 42 43 105 104
0 1 3 0 43 44 106 105
0 1 3 0 44 45 107 106
0 1 3 0 45 46 108 107
0 1 3 0 46 47 109 108
0 1 3 0 48 110 109 47
0 1 3 0 49 111 110 48
0 1 3 0 49 50 112 111
0 1 3 0 50 51 113 112
0 1 3 0 52 114 113 51
0 1 3 0 53 115 114 52
0 1 3 0 54 116 115 53
0 1 3 0 55 117 116 54
0 1 3 0 55 56 118 117
0 1 3 0 56 57 119 118
0 1 3 0 57 58 120 119
0 1 3 0 58 59 121 120
0 1 3 0 60 122 121 59
0 1 3 0 61 123 122 60
0 1 3 0 62 124 123 61
0 1 3 0 63 125 124 62
0 1 3 0 63 64 72 125
0 1 3 0 64 65 71 72
0 1 3 0 86 87 88 126
0 1 3 0 126 88 89 127
0 1 3 0 128 127 89 90
0 1 3 0 130 91 92 129
0 1 3 0 129 92 93 131
0 1 3 0 131 93 94 132
0 1 3 0 132 94 95 96
0 1 3 0 133 90 91 130
0 1 3 0 134 128 90 133
0 1 3 0 132 96 97 135
0 1 3 0 136 135 97 98
0 1 3 0 137 136 98 99
0 1 3 0 102 138 100 101
0 1 3 0 103 139 138 102
0 1 3 0 104 140 139 103
0 1 3 0 104 105 141 140
0 1 3 0 105 106 142 141
0 1 3 0 106 107 143 142
0 1 3 0 107 108 144 143
0 1 3 0 108 109 145 144
0 1 3 0 110 146 145 109
0 1 3 0 111 112 146 110
0 1 3 0 112 113 147 146
0 1 3 0 114 148 147 113
0 1 3 0 115 149 148 114
0 1 3 0 116 150 149 115
0 1 3 0 117 151 150 116
0 1 3 0 117 118 152 151
0 1 3 0 118 119 153 152
0 1 3 0 119 120 121 153
0 1 3 0 154 153 121 122
0 1 3 0 155 154 122 123
0 1 3 0 156 155 123 124
0 1 3 0 76 77 155 156
0 1 3 0 77 78 154 155
0 1 3 0 80 82 157 158
0 1 3 0 82 159 160 157
0 1 3 0 81 161 159 82
0 1 3 0 83 162 161 81
0 1 3 0 84 163 162 83
0 1 3 0 84 85 164 163
0 1 3 0 85 86 126 164
0 1 3 0 164 126 127 165
0 1 3 0 166 165 127 128
0 1 3 0 167 166 128 134
0 1 3 0 167 134 168 169
0 1 3 0 134 133 170 168
0 1 3 0 133 130 171 170
0 1 3 0 130 129 172 171
0 1 3 0 129 131 173 172
0 1 3 0 131 132 135 173
0 1 3 0 172 173 135 136
0 1 3 0 171 172 136 137
0 1 3 0 174 175 138 139
0 1 3 0 176 174 139 140
0 1 3 0 176 140 141 177
0 1 3 0 177 141 142 178
0 1 3 0 178 142 143 179
0 1 3 0 179 143 144 180
0 1 3 0 180 144 145 181
0 1 3 0 182 181 145 146
0 1 3 0 182 146 147 183
0 1 3 0 184 183 147 148
0 1 3 0 185 184 148 149
0 1 3 0 186 185 149 150
0 1 3 0 158 186 150 151
0 1 3 0 158 157 185 186
0 1 3 0 157 160 184 185
0 1 3 0 160 182 183 184
0 1 3 0 159 187 188 160
0 1 3 0 161 189 187 159
0 1 3 0 162 190 189 161
0 1 3 0 163 191 190 162
0 1 3 0 163 164 165 191
0 1 3 0 160 188 181 182
0 1 3 0 169 168 175 174
0 1 3 0 192 169 174 176
0 1 3 0 192 176 177 193
0 1 3 0 193 177 178 194
0 1 3 0 194 178 179 195
0 1 3 0 194 195 187 189
0 1 3 0 196 194 189 190
0 1 3 0 197 196 190 191
0 1 3 0 197 191 165 166
0 1 3 0 198 193 194 196
0 1 3 0 199 167 169 192
0 1 3 0 199 192 193 198
0 1 3 0 75 76 156 200
0 1 3 0 200 156 124 125
0 1 3 0 200 125 72 73
0 1 3 0 75 200 73 74
0 1 3 0 199 198 196 197
0 1 3 0 199 197 166 167
0 1 3 0 168 170 201 175
0 1 3 0 170 171 137 201
0 1 3 0 201 137 99 100
0 1 3 0 175 201 100 138
0 1 3 0 202 180 181 188
0 1 3 0 195 202 188 187
0 1 3 0 195 179 180 202
0 1 3 0 158 151 152 203
0 1 3 0 80 158 203 79
0 1 3 0 203 152 153 154
0 1 3 0 79 203 154 78

# attr geom nodes
boundary
62
9999 1 0 15
9999 1 14 0
9999 1 0 14
9999 1 14 11
9999 1 11 12
9999 1 12 0
9999 1 6 5
9999 1 0 6
9999 1 2 0
9999 1 9 7
9999 1 5 9
9999 1 8 15
9999 1 14 16
9999 1 65 14
9999 1 16 17
9999 1 17 18
9999 1 18 19
9999 1 19 20
9999 1 20 21
9999 1 21 22
9999 1 22 23
9999 1 23 24
9999 1 24 13
9999 1 13 66
9999 1 66 67
9999 1 67 68
9999 1 68 69
9999 1 69 70
9999 1 70 8
9999 1 7 33
9999 1 33 34
9999 1 34 35
9999 1 35 36
9999 1 36 37
9999 1 37 38
9999 1 38 39
9999 1 39 40
9999 1 40 41
9999 1 41 42
9999 1 42 43
9999 1 43 44
9999 1 44 45
9999 1 45 46
9999 1 46 47
9999 1 47 48
9999 1 48 49
9999 1 49 50
9999 1 50 51
9999 1 51 52
9999 1 52 53
9999 1 53 54
9999 1 54 55
9999 1 55 56
9999 1 56 57
9999 1 57 58
9999 1 58 59
9999 1 59 60
9999 1 60 61
9999 1 61 62
9999 1 62 63
9999 1 63 64
9999 1 64 65

vertex_to_knotspan
25
24 1 13 14
23 2 13 14
22 3 13 14
21 4 13 14
20 5 13 14
19 6 13 14
18 7 13 14
17 8 13 14
16 9 13 14
2 5 0 15
8 5 15 13
70 6 15 13
69 7 15 13
68 8 15 13
67 9 15 13
66 10 15 13
28 1 7 3
27 2 7 3
26 3 7 3
25 4 7 3
32 1 3 8
31 2 3 8
30 3 3 8
29 4 3 8
15 5 10 2

# top-level node coordinates
coordinates
204
2
1.73205080756888 1
1.2 1.2
1.26060104354462 1
-1.39473319220205 0
-1.2 1.2
-1.41421356237309 1.41421356237309
1.41421356237309 1.41421356237309
-2 0
0 0
-1.73205080756888 1
-1.26060104354462 1
4 -1
4 1
0 -1
1.73205080756888 -1
0 1
1.55970373635429 -1
1.4509600859718 -1
1.38234748109738 -1
1.33905585412795 -1
1.31174068413709 -1
1.04939254730967 -1
0.787044410482253 -1
0.524696273654835 -1
0.262348136827417 -1
-1.43406835170246 0
-1.49641037821904 0
-1.59521583164938 0
-1.75181192216917 0
-0.139473319220205 0
-0.348683298050514 0
-0.627629936490925 0
-0.976313234541438 0
-1.99407395654287 -0.153847508388927
-1.97633094416252 -0.30678330975737
-1.94687610872139 -0.457901099900268
-1.90588400085431 -0.606305348226087
-1.85359754157392 -0.751116604710024
-1.79032658271012 -0.891476711553076
-1.71644607071473 -1.02655388866244
-1.63239382471244 -1.1555476628165
-1.53866794196576 -1.27769361130392
-1.43582384612888 -1.39226789192585
-1.32447099578306 -1.49859153251626
-1.20526927275851 -1.59603445456048
-1.07892507164605 -1.68401920706789
-0.946187113672021 -1.76202438857157
-0.80784200974379 -1.82958773697604
-0.664709598959319 -1.88630886894255
-0.517638090205041 -1.93185165257814
-0.367499035633142 -1.9659461993678
-0.215182165805623 -1.98839046354563
-0.0615901171123409 -1.99905143942673
0.0923669172914777 -1.99786594960475
0.245776581329427 -1.98484101934387
0.397729762665673 -1.96005383494686
0.547325980144165 -1.92365128634564
0.693678720079105 -1.87584909662516
0.835920689773567 -1.81693054363905
0.973208957133712 -1.74724478129274
1.10472994592101 -1.66720477044224
1.22970425704038 -1.57728483167016
1.34739128729311 -1.47801783444132
1.45709361822358 -1.36999203929516
1.55816114905134 -1.25384761178821
1.6499949491966 -1.13027282884518
0 -0.833333333333333
0 -0.666666666666667
0 -0.5
0 -0.333333333333333
0 -0.166666666666667
1.55052781181814 -1.09369763470877
1.45045438099542 -1.13943035327605
1.35140362320704 -1.09021072356709
1.29967478088732 -1.05441723397265
1.22296101664564 -1.08934688289977
1.06225950848298 -1.1368121977817
0.858001726694242 -1.17668453161755
0.621838961628799 -1.20376127330821
0.369641595806891 -1.20294619920515
0.118494314068636 -1.1937470321532
-0.153563835435352 -1.04093472537748
-0.0959528080823861 -1.2225472391882
-0.168022525565811 -0.864320758538364
-0.177655220931862 -0.694281339879371
-0.188683553424634 -0.524479882693429
-0.199034800487263 -0.352846486703914
-0.195180776558095 -0.176637658087925
-0.419755327331595 -0.196428765873281
-0.683546912518053 -0.224944532601674
-0.992321203029419 -0.261362779572581
-1.2562217003975 -0.180247438864087
-1.4032945038658 -0.126834708624986
-1.52199707162633 -0.113022955128939
-1.65325386170655 -0.120063279294702
-1.81251390846033 -0.138844008199691
-1.82206842980017 -0.277350360971418
-1.80550091479215 -0.415067617717003
-1.75655644292215 -0.548531988565243
-1.68705137970104 -0.684152310057978
-1.59597203010074 -0.831464950649698
-1.61120562972054 -0.967696746609331
-1.52332939223862 -1.05696545788955
-1.42419304749932 -1.16328753321566
-1.31782809162723 -1.27252211596669
-1.20539601518373 -1.37659146373219
-1.08778072439165 -1.47375524519963
-0.969058702230616 -1.56643242329331
-0.840811117995532 -1.64895009101474
-0.710178530803489 -1.72041010094678
-0.581003812448254 -1.78310879015908
-0.49275675173047 -1.84645658308026
-0.383785264567343 -1.83835859483794
-0.243891453892651 -1.85523810401754
-0.097349780144235 -1.85746975696905
0.0528028293658849 -1.85326326573144
0.205393116424765 -1.8394525216277
0.358326802544487 -1.80917799632986
0.512805373888939 -1.77360666746344
0.65977989790736 -1.74725097008287
0.776532817735111 -1.73782002650493
0.847090929595651 -1.65352697476266
0.951536647916257 -1.54689746427458
1.09163188863861 -1.45501661938891
1.22972103122382 -1.36615927560034
1.35200368742724 -1.26359586504342
-0.408836965089759 -0.379045639721035
-0.628599594609305 -0.412835797310749
-0.849454528648667 -0.45826083255721
-1.43865482465205 -0.261090420607137
-1.31053267463704 -0.330688693182795
-1.55276380593033 -0.227330151233631
-1.67855183685021 -0.245468223136622
-1.1537614142436 -0.427732903737913
-1.01934159006818 -0.567869131587963
-1.67946181911793 -0.3674829340688
-1.62258553765504 -0.475586621129296
-1.5415590144258 -0.5856306387292
-1.44074718663896 -0.931366737612884
-1.31606573136047 -1.04262866057833
-1.20200721334683 -1.15314755342263
-1.08721733313241 -1.25781019320304
-0.968775579128686 -1.35379516399998
-0.855017805291641 -1.45432373232321
-0.734928268532223 -1.54340613781163
-0.60043583995843 -1.62088265822638
-0.449202157614228 -1.70403516474983
-0.287095450684622 -1.7288019061106
-0.140336272219993 -1.71943161653457
0.00717391894684649 -1.71170876324901
0.158246933617559 -1.70193855000627
0.31530554387947 -1.65685967202274
0.49761862135498 -1.61496333364908
0.684640880728683 -1.60661986110863
0.746938557352763 -1.41792642182257
0.959928927334467 -1.33040229525247
1.12629458481812 -1.2578128438184
-0.0820106461309754 -1.41290878986412
0.187192308406471 -1.44447113076395
-0.28792376999723 -1.24182100968438
-0.276963894294506 -1.43255230561375
-0.325665791777559 -1.06630744982294
-0.339774670751069 -0.893645763014758
-0.357196705389041 -0.723403723469877
-0.382870653747985 -0.554044558975962
-0.575826699095678 -0.587877514896881
-0.761068145581532 -0.633845354409453
-0.921288364922272 -0.717735125600662
-1.17345273597736 -0.69513797832903
-1.06011383883461 -0.824215900343354
-1.2971387954589 -0.570336991760775
-1.41274377970972 -0.469531684013362
-1.51012564309318 -0.383808986013119
-1.58319138992627 -0.322865949551065
-1.19390078946668 -0.929959301794026
-1.31511924874001 -0.820127032381181
-1.08208027203414 -1.04143137638774
-0.967796601129639 -1.14502611503506
-0.841859698982095 -1.23629854828114
-0.741629630253729 -1.34811842698208
-0.64361582429924 -1.44331018860305
-0.519879599531451 -1.50199157358647
-0.386521334759887 -1.56138214581164
-0.288194974682895 -1.6215492137294
-0.185477463735534 -1.57997997895313
-0.0448759383113332 -1.57232226128555
0.0870712890607774 -1.59233199257676
-0.462033954028007 -1.24212150434777
-0.444399611181498 -1.386809800201
-0.504566447065563 -1.08570900746468
-0.511041673211568 -0.919851519118886
-0.534927458773094 -0.755223652752576
-0.959517503550349 -0.937105981822657
-0.85194989581332 -1.04070095607361
-0.69728346216448 -1.11496396581611
-0.619835286464692 -1.25874136214282
-0.67172322865781 -0.947282990671564
-0.703653102611338 -0.793809650036335
-0.790978765032828 -0.942036411390529
-0.844960246312185 -0.846128610087922
1.26104710988136 -1.17538855359493
-1.43910201687177 -0.705826519538616
-0.566639556854246 -1.36316892404806
0.476201315303013 -1.41315198277425

edges
378
0 0 15
1 15 13
0 14 13
1 0 14
2 14 11
1 12 11
2 0 12
4 6 5
3 5 4
4 1 4
3 6 1
5 0 6
5 2 1
3 0 2
3 7 3
6 3 10
3 9 10
6 7 9
5 10 4
5 9 5
7 3 8
6 8 15
7 10 15
4 2 10
18 14 16
31 16 71
18 65 71
31 14 65
31 17 72
19 72 71
19 17 16
31 18 73
20 73 72
20 18 17
31 19 74
21 74 73
21 19 18
31 20 75
22 75 74
22 20 19
23 20 21
31 21 76
23 75 76
24 21 22
31 22 77
24 76 77
25 22 23
31 23 78
25 77 78
31 24 79
26 79 78
26 24 23
31 13 80
27 80 79
27 13 24
28 13 81
31 81 82
28 80 82
28 66 83
12 83 81
12 66 13
28 67 84
13 84 83
13 67 66
14 67 68
28 68 85
14 84 85
15 68 69
28 69 86
15 85 86
16 69 70
28 70 87
16 86 87
28 8 29
17 29 87
17 8 70
8 29 30
17 30 88
8 87 88
9 30 31
17 31 89
9 88 89
17 32 90
10 90 89
10 32 31
11 32 3
17 3 91
11 90 91
22 3 25
17 25 92
22 91 92
21 25 26
17 26 93
21 92 93
20 26 27
17 27 94
20 93 94
19 27 28
17 28 95
19 94 95
17 7 33
18 33 95
18 7 28
18 34 96
29 96 95
29 34 33
12 34 35
18 35 97
12 96 97
18 36 98
21 98 97
21 36 35
18 37 99
22 99 98
22 37 36
18 38 100
11 100 99
11 38 37
18 39 101
30 101 100
30 39 38
18 40 102
16 102 101
16 40 39
18 41 103
15 103 102
15 41 40
18 42 104
14 104 103
14 42 41
13 42 43
18 43 105
13 104 105
29 43 44
18 44 106
29 105 106
31 44 45
18 45 107
31 106 107
21 45 46
18 46 108
21 107 108
10 46 47
18 47 109
10 108 109
18 48 110
9 110 109
9 48 47
18 49 111
32 111 110
32 49 48
30 49 50
18 50 112
30 111 112
33 50 51
18 51 113
33 112 113
18 52 114
20 114 113
20 52 51
18 53 115
8 115 114
8 53 52
18 54 116
28 116 115
28 54 53
18 55 117
33 117 116
33 55 54
27 55 56
18 56 118
27 117 118
26 56 57
18 57 119
26 118 119
20 57 58
18 58 120
20 119 120
32 58 59
18 59 121
32 120 121
18 60 122
19 122 121
19 60 59
18 61 123
25 123 122
25 61 60
18 62 124
24 124 123
24 62 61
18 63 125
23 125 124
23 63 62
22 63 64
18 64 72
22 125 72
19 64 65
16 126 88
8 86 126
16 127 89
9 126 127
10 128 127
16 128 90
29 130 91
29 129 92
22 130 129
29 131 93
21 129 131
29 132 94
20 131 132
19 132 96
29 133 90
11 133 130
29 134 128
16 134 133
19 135 97
12 132 135
21 136 135
19 136 98
22 137 136
19 137 99
30 102 138
16 138 100
30 103 139
15 139 138
30 104 140
14 140 139
30 105 141
13 140 141
30 106 142
29 141 142
30 107 143
31 142 143
30 108 144
21 143 144
30 109 145
10 144 145
30 110 146
9 146 145
32 112 146
32 113 147
33 146 147
32 114 148
20 148 147
32 115 149
8 149 148
32 116 150
28 150 149
32 117 151
33 151 150
32 118 152
27 151 152
32 119 153
26 152 153
20 153 121
19 154 153
20 154 122
25 155 154
20 155 123
24 156 155
20 156 124
21 77 155
21 76 156
21 78 154
21 82 157
28 158 157
21 80 158
8 82 159
21 159 160
8 157 160
8 81 161
31 161 159
8 83 162
12 162 161
8 84 163
13 163 162
8 85 164
14 163 164
15 164 126
15 165 127
9 164 165
10 166 165
15 166 128
29 167 166
15 167 134
12 134 168
15 169 168
12 167 169
12 133 170
16 168 170
12 130 171
11 170 171
12 129 172
22 171 172
12 131 173
21 172 173
20 173 135
20 172 136
20 171 137
15 174 175
19 175 138
19 174 139
14 176 174
19 176 140
19 177 141
13 176 177
19 178 142
29 177 178
19 179 143
31 178 179
19 180 144
21 179 180
19 181 145
10 180 181
9 182 181
19 182 146
19 183 147
33 182 183
20 184 183
19 184 148
8 185 184
19 185 149
28 186 185
19 186 150
33 158 186
19 158 151
33 157 185
33 160 184
20 160 182
9 159 187
21 187 188
9 160 188
9 161 189
31 189 187
9 162 190
12 190 189
9 163 191
13 191 190
14 191 165
20 188 181
20 168 175
20 169 174
14 192 169
20 192 176
20 193 177
13 192 193
20 194 178
29 193 194
20 195 179
31 194 195
10 195 187
10 194 189
12 196 194
10 196 190
13 197 196
10 197 191
14 197 166
12 198 193
29 198 196
14 199 167
12 199 192
13 199 198
23 200 156
21 75 200
20 200 125
22 200 73
29 199 197
20 170 201
16 175 201
11 201 137
19 201 100
20 202 180
10 202 188
21 195 202
19 203 152
27 158 203
21 79 203
26 203 154

knotvectors
34
3 31 0 0 0 0 0.1 0.1 0.1 0.2 0.2 0.2 0.3 0.3 0.3 0.4 0.4 0.4 0.5 0.5 0.5 0.6 0.6 0.6 0.7 0.7 0.7 0.8 0.8 0.8 0.9 0.9 0.9 1 1 1 1
3 34 0 0 0 0 0.0909090909090909 0.0909090909090909 0.0909090909090909 0.181818181818182 0.181818181818182 0.181818181818182 0.272727272727273 0.272727272727273 0.272727272727273 0.363636363636364 0.363636363636364 0.363636363636364 0.454545454545455 0.454545454545455 0.454545454545455 0.545454545454545 0.545454545454545 0.545454545454545 0.636363636363636 0.636363636363636 0.636363636363636 0.727272727272727 0.727272727272727 0.727272727272727 0.818181818181818 0.818181818181818 0.818181818181818 0.909090909090909 0.909090909090909 0.909090909090909 1 1 1 1
3 31 0 0 0 0 0.1 0.1 0.1 0.2 0.2 0.2 0.3 0.3 0.3 0.4 0.4 0.4 0.5 0.5 0.5 0.6 0.6 0.6 0.7 0.7 0.7 0.8 0.8 0.8 0.9 0.9 0.9 1 1 1 1
3 16 0 0 0 0 0.2 0.2 0.2 0.4 0.4 0.4 0.6 0.6 0.6 0.8 0.8 0.8 1 1 1 1
3 31 0 0 0 0 0.1 0.1 0.1 0.2 0.2 0.2 0.3 0.3 0.3 0.4 0.4 0.4 0.5 0.5 0.5 0.6 0.6 0.6 0.7 0.7 0.7 0.8 0.8 0.8 0.9 0.9 0.9 1 1 1 1
3 4 0 0 0 0 1 1 1 1
3 16 0 0 0 0 0.2 0.2 0.2 0.4 0.4 0.4 0.6 0.6 0.6 0.8 0.8 0.8 1 1 1 1
3 16 0 0 0 0 0.2 0.2 0.2 0.4 0.4 0.4 0.6 0.6 0.6 0.8 0.8 0.8 1 1 1 1
3 4 0 0 0 0 1 1 1 1
3 4 0 0 0 0 1 1 1 1
3 4 0 0 0 0 1 1 1 1
3 4 0 0 0 0 1 1 1 1
3 4 0 0 0 0 1 1 1 1
3 4 0 0 0 0 1 1 1 1
3 4 0 0 0 0 1 1 1 1
3 4 0 0 0 0 1 1 1 1
3 4 0 0 0 0 1 1 1 1
3 4 0 0 0 0 1 1 1 1
3 4 0 0 0 0 1 1 1 1
3 4 0 0 0 0 1 1 1 1
3 4 0 0 0 0 1 1 1 1
3 4 0 0 0 0 1 1 1 1
3 4 0 0 0 0 1 1 1 1
3 4 0 0 0 0 1 1 1 1
3 4 0 0 0 0 1 1 1 1
3 4 0 0 0 0 1 1 1 1
3 4 0 0 0 0 1 1 1 1
3 4 0 0 0 0 1 1 1 1
3 4 0 0 0 0 1 1 1 1
3 4 0 0 0 0 1 1 1 1
3 4 0 0 0 0 1 1 1 1
3 4 0 0 0 0 1 1 1 1
3 4 0 0 0 0 1 1 1 1
3 4 0 0 0 0 1 1 1 1

spacing
5
0 6 15 2 10 2 0
5 5 
5 3 1 5 1 0
0 1 0 5
0.272192 
10 
1 6 13 1 11 2 0
5 6 
0 1 0 5
0 1 0 6
0.5 
3 5 3 1 5 1 0 10
4 6 15 2 10 2 1
5 5 
1 3 1 5 1 1
0 1 0 5
0.5 
0.1 
7 1 3 1 5 1 1 0.1

weights
1
1
1
1
1
1
1
1
1
1
1
1
1
1
1
1
1
1
1
1
1
1
1
1
1
1
1
1
1
1
1
1
1
1
1
1
1
1
1
1
1
1
1
1
1
1
1
1
1
1
1
1
1
1
1
1
1
1
1
1
1
1
1
1
1
1
1
1
1
1
1
1
1
1
1
1
1
1
1
1
1
1
1
1
1
1
1
1
1
1
1
1
1
1
1
1
1
1
1
1
1
1
1
1
1
1
1
1
1
1
1
1
1
1
1
1
1
1
1
1
1
1
1
1
1
1
1
1
1
1
1
1
1
1
1
1
1
1
1
1
1
1
1
1
1
1
1
1
1
1
1
1
1
1
1
1
1
1
1
1
1
1
1
1
1
1
1
1
1
1
1
1
1
1
1
1
1
1
1
1
1
1
1
1
1
1
1
1
1
1
1
1
1
1
1
1
1
1
1
1
1
1
1
1
1
1
1
1
1
1
1
1
1
1
1
1
1
1
1
1
1
1
1
1
1
1
1
1
1
1
1
1
1
1
1
1
1
1
1
1
1
1
1
1
1
1
1
1
1
1
1
1
1
1
1
1
1
1
1
1
1
1
1
1
1
1
1
1
1
1
1
1
1
1
1
1
1
1
1
1
1
1
1
1
1
1
1
1
1
1
1
1
1
1
1
1
1
1
1
1
1
1
1
1
1
1
1
1
1
1
1
1
1
1
1
1
1
1
1
1
1
1
1
1
1
1
1
1
1
1
1
1
1
1
1
1
1
1
1
1
1
1
1
1
1
1
1
1
1
1
1
1
1
1
1
1
1
1
1
1
1
1
1
1
1
1
1
1
1
1
1
1
1
1
1
1
1
1
1
1
1
1
1
1
1
1
1
1
1
1
1
1
1
1
1
1
1
1
1
1
1
1
1
1
1
1
1
1
1
1
1
1
1
1
1
1
1
1
1
1
1
1
1
1
1
1
1
1
1
1
1
1
1
1
1
1
1
1
1
1
1
1
1
1
1
1
1
1
1
1
1
1
1
1
1
1
1
1
1
1
1
1
1
1
1
1
1
1
1
1
1
1
1
1
1
1
1
1
1
1
1
1
1
1
1
1
1
1
1
1
1
1
1
1
1
1
1
1
1
1
1
1
1
1
1
1
1
1
1
1
1
1
1
1
1
1
1
1
1
1
1
1
1
1
1
1
1
1
1
1
1
1
1
1
1
1
1
1
1
1
1
1
1
1
1
1
1
1
1
1
1
1
1
1
1
1
1
1
1
1
1
1
1
1
1
1
1
1
1
1
1
1
1
1
1
1
1
1
1
1
1
1
1
1
1
1
1
1
1
1
1
1
1
1
1
1
1
1
1
1
1
1
1
1
1
1
1
1
1
1
1
1
1
1
1
1
1
1
1
1
1
1
1
1
1
1
1
1
1
1
1
1
1
1
1
1
1
1
1
1
1
1
1
1
1
1
1
1
1
1
1
1
1
1
1
1
1
1
1
1
1
1
1
1
1
1
1
1
1
1
1
1
1
1
1
1
1
1
1
1
1
1
1
1
1
1
1
1
1
1
1
1
1
1
1
1
1
1
1
1
1
1
1
1
1
1
1
1
1
1
1
1
1
1
1
1
1
1
1
1
1
1
1
1
1
1
1
1
1
1
1
1
1
1
1
1
1
1
1
1
1
1
1
1
1
1
1
1
1
1
1
1
1
1
1
1
1
1
1
1
1
1
1
1
1
1
1
1
1
1
1
1
1
1
1
1
1
1
1
1
1
1
1
1
1
1
1
1
1
1
1
1
1
1
1
1
1
1
1
1
1
1
1
1
1
1
1
1
1
1
1
1
1
1
1
1
1
1
1
1
1
1
1
1
1
1
1
1
1
1
1
1
1
1
1
1
1
1
1
1
1
1
1
1
1
1
1
1
1
1
1
1
1
1
1
1
1
1
1
1
1
1
1
1
1
1
1
1
1
1
1
1
1
1
1
1
1
1
1
1
1
1
1
1
1
1
1
1
1
1
1
1
1
1
1
1
1
1
1
1
1
1
1
1
1
1
1
1
1
1
1
1
1
1
1
1
1
1
1
1
1
1
1
1
1
1
1
1
1
1
1
1
1
1
1
1
1
1
1
1
1
1
1
1
1
1
1
1
1
1
1
1
1
1
1
1
1
1
1
1
1
1
1
1
1
1
1
1
1
1
1
1
1
1
1
1
1
1
1
1
1
1
1
1
1
1
1
1
1
1
1
1
1
1
1
1
1
1
1
1
1
1
1
1
1
1
1
1
1
1
1
1
1
1
1
1
1
1
1
1
1
1
1
1
1
1
1
1
1
1
1
1
1
1
1
1
1
1
1
1
1
1
1
1
1
1
1
1
1
1
1
1
1
1
1
1
1
1
1
1
1
1
1
1
1
1
1
1
1
1
1
1
1
1
1
1
1
1
1
1
1
1
1
1
1
1
1
1
1
1
1
1
1
1
1
1
1
1
1
1
1
1
1
1
1
1
1
1
1
1
1
1
1
1
1
1
1
1
1
1
1
1
1
1
1
1
1
1
1
1
1
1
1
1
1
1
1
1
1
1
1
1
1
1
1
1
1
1
1
1
1
1
1
1
1
1
1
1
1
1
1
1
1
1
1
1
1
1
1
1
1
1
1
1
1
1
1
1
1
1
1
1
1
1
1
1
1
1
1
1
1
1
1
1
1
1
1
1
1
1
1
1
1
1
1
1
1
1
1
1
1
1
1
1
1
1
1
1
1
1
1
1
1
1
1
1
1
1
1
1
1
1
1
1
1
1
1
1
1
1
1
1
1
1
1
1
1
1
1
1
1
1
1
1
1
1
1
1
1
1
1
1
1
1
1
1
1
1
1
1
1
1
1
1
1
1
1
1
1
1
1
1
1
1
1
1
1
1
1
1
1
1
1
1
1
1
1
1
1
1
1
1
1
1
1
1
1
1
1
1
1
1
1
1
1
1
1
1
1
1
1
1
1
1
1
1
1
1
1
1
1
1
1
1
1
1
1
1
1
1
1
1
1
1
1
1
1
1
1
1
1
1
1
1
1
1
1
1
1
1
1
1
1
1
1
1
1
1
1
1
1
1
1
1
1
1
1
1
1
1
1
1
1
1
1
1
1
1
1
1
1
1
1
1
1
1
1
1
1
1
1
1
1
1
1
1
1
1
1
1
1
1
1
1
1
1
1
1
1
1
1
1
1
1
1
1
1
1
1
1
1
1
1
1
1
1
1
1
1
1
1
1
1
1
1
1
1
1
1
1
1
1
1
1
1
1
1
1
1
1
1
1
1
1
1
1
1
1
1
1
1
1
1
1
1
1
1
1
1
1
1
1
1
1
1
1
1
1
1
1
1
1
1
1
1
1
1
1
1
1
1
1
1
1
1
1
1
1
1
1
1
1
1
1
1
1
1
1
1
1
1
1
1
1
1
1
1
1
1
1
1
1
1
1
1
1
1
1
1
1
1
1
1
1
1
1
1
1
1
1
1
1
1
1
1
1
1
1
1
1
1
1
1
1
1
1
1
1
1
1
1
1
1
1
1
1
1
1
1
1
1
1
1
1
1
1
1
1
1
1
1
1
1
1
1
1
1
1
1
1
1
1
1
1
1
1
1
1
1
1
1
1
1
1
1
1
1
1
1
1
1
1
1
1
1
1
1
1
1
1
1
1
1
1
1
1
1
1
1
1
1
1
1
1
1
1
1
1
1
1
1
1
1
1
1
1
1
1
1
1
1
1
1
1
1
1
1
1
1
1
1
1
1
1
1
1
1
1
1
1
1
1
1
1
1
1
1
1
1
1
1
1
1
1
1
1
1
1
1
1
1
1
1
1
1
1
1
1
1
1
1
1
1
1
1
1
1
1
1
1
1
1
1
1
1
1
1
1
1
1
1
1
1
1
1
1
1
1
1
1
1
1
1
1
1
1
1
1
1
1
1
1
1
1
1
1
1
1
1
1
1
1
1
1
1
1
1
1
1
1
1
1
1
1
1
1
1
1
1
1
1
1
1
1
1
1
1
1
1
1
1
1
1
1
1
1
1
1
1
1
1
1
1
1
1
1
1
1
1
1
1
1
1
1
1
1
1
1
1
1
1
1
1
1
1
1
1
1
1
1
1
1
1
1
1
1
1
1
1
1
1
1
1
1
1
1
1
1
1
1
1
1
1
1
1
1
1
1
1
1
1
1
1
1
1
1
1
1
1
1
1
1
1
1
1
1
1
1
1
1
1
1
1
1
1
1
1
1
1
1
1
1
1
1
1
1
1
1
1
1
1
1
1
1
1
1
1
1
1
1
1
1
1
1
1
1
1
1
1
1
1
1
1
1
1
1
1
1
1
1
1
1
1
1
1
1
1
1
1
1
1
1
1
1
1
1
1
1
1
1
1
1
1
1
1
1
1
1
1
1
1
1
1
1
1
1
1
1
1
1
1
1
1
1
1
1
1
1
1
1
1
1
1
1
1
1
1
1
1
1
1
1
1
1
1
1
1
1
1
1
1
1
1
1
1
1
1
1
1
1
1
1
1
1
1
1
1
1
1
1
1
1
1
1
1
1
1
1
1
1
1
1
1
1
1
1
1
1
1
1
1
1
1
1
1
1
1
1
1
1
1
1
1
1
1
1
1
1
1
1
1
1
1
1
1
1
1
1
1
1
1
1
1
1
1
1
1
1
1
1
1
1
1
1
1
1
1
1
1
1
1
1
1
1
1
1
1
1
1
1
1
1
1
1
1
1
1
1
1
1
1
1
1
1
1
1
1
1
1
1
1
1
1
1
1
1
1
1
1
1
1
1
1
1
1
1
1
1
1
1
1
1
1
1
1
1
1
1
1
1
1
1
1
1
1
1
1
1
1
1
1
1
1
1
1
1
1
1
1
1
1
1
1
1
1
1
1
1
1
1
1
1
1
1
1
1
1
1
1
1
1
1
1
1
1
1
1
1
1
1
1
1
1
1
1
1
1
1
1
1
1
1
1
1
1
1
1
1
1
1
1
1
1
1
1
1
1
1
1
1
1
1
1
1
1
1
1
1
1
1
1
1
1
1
1
1
1
1
1
1
1
1
1
1
1
1
1
1
1
1
1
1
1
1
1
1
1
1
1
1
1
1
1
1
1
1
1
1
1
1
1
1
1
1
1
1
1
1
1
1
1
1
1
1
1
1
1
1
1
1
1
1
1
1
1
1
1
1
1
1
1
1
1
1
1
1
1
1
1
1
1
1
1
1
1
1
1
1
1
1
1
1
1
1
1
1
1
1
1
1
1
1
1
1
1
1
1
1
1
1
1
1
1
1
1
1
1
1
1
1
1
1
1
1
1
1
1
1
1
1
1
1
1
1
1
1
1
1
1
1
1
1
1
1
1
1
1
1
1
1
1
1
1
1
1
1
1
1
1
1
1
1
1
1
1
1
1
1
1
1
1
1
1
1
1
1
1
1
1
1
1
1
1
1
1
1
1
1
1
1
1
1
1
1
1
1
1
1
1
1
1
1
1
1
1
1
1
1
1
1
1
1
1
1
1
1
1
1
1
1
1
1
1
1
1
1
1
1
1
1
1
1
1
1
1
1
1
1
1
1
1
1
1
1
1
1
1
1
1
1
1
1
1
1
1
1
1
1
1
1
1
1
1
1
1
1
1
1
1
1
1
1
1
1
1
1
1
1
1
1
1
1
1
1
1
1
1
1
1
1
1
1
1
1
1
1
1
1
1
1
1
1
1
1
1
1
1
1
1
1
1
1
1
1
1
1
1
1
1
1
1
1
1
1
1
1
1
1
1
1
1
1
1
1
1
1
1
1
1
1
1
1
1
1
1
1
1
1
1
1
1
1
1
1
1
1
1
1
1
1
1
1
1
1
1
1
1
1
1
1
1
1
1
1
1
1
1
1
1
1
1
1
1
1
1
1
1
1
1
1
1
1
1
1
1
1
1
1
1
1
1
1
1
1
1
1
1
1
1
1
1
1
1
1
1
1
1
1
1
1
1
1
1
1
1
1
1
1
1
1
1
1
1
1
1
1
1
1
1
1
1
1
1
1
1
1
1
1
1
1
1
1
1
1
1
1
1
1
1
1
1
1
1
1
1
1
1
1
1
1
1
1
1
1
1
1
1
1
1
1
1
1
1
1
1
1
1
1
1
1
1
1
1
1
1
1
1
1
1
1
1
1
1
1
1
1
1
1
1
1
1
1
1
1
1
1
1
1
1
1
1
1
1
1
1
1
1
1
1
1
1
1
1
1
1
1
1
1
1
1
1
1
1
1
1
1
1
1
1
1
1
1
1
1
1
1
1
1
1
1
1
1
1
1
1
1
1
1
1
1
1
1
1
1
1
1
1
1
1
1
1
1
1
1
1
1
1
1
1
1
1
1
1
1
1
1
1
1
1
1
1
1
1
1
1
1
1
1
1
1
1
1
1
1
1
1
1
1
1
1
1
1
1
1
1
1
1
1
1
1
1
1
1
1
1
1
1
1
1
1
1
1
1
1
1
1
1
1
1
1
1
1
1
1
1
1
1
1
1
1
1
1
1
1
1
1
1
1
1
1
1
1
1
1
1
1
1
1
1
1
1
1
1
1
1
1
1
1
1
1
1
1
1
1
1
1
1
1
1
1
1
1
1
1
1
1
1
1
1
1
1
1
1
1
1
1
1
1
1
1
1
1
1
1
1
1
1
1
1
1
1
1
1
1
1
1
1
1
1
1
1
1
1
1
1
1
1
1
1
1
1
1
1
1
1
1
1
1
1
1
1
1
1
1
1
1
1
1
1
1
1
1
1
1
1
1
1
1
1
1
1
1
1
1
1
1
1
1
1
1
1
1
1
1
1
1
1
1
1
1
1
1
1
1
1
1
1
1
1
1
1
1
1
1
1
1
1
1
1
1
1
1
1
1
1
1
1
1
1
1
1
1
1
1
1
1
1
1
1
1
1
1
1
1
1
1
1
1
1
1
1
1
1
1
1
1
1
1
1
1
1
1
1
1
1
1
1
1
1
1
1
1
1
1
1
1
1
1
1
1
1
1
1
1
1
1
1
1
1
1
1
1
1
1
1
1
1
1
1
1
1
1
1
1
1
1
1
1
1
1
1
1
1
1
1
1
1
1
1
1
1
1
1
1
1
1
1
1
1
1
1
1
1
1
1
1
1
1
1
1
1
1
1
1
1
1
1
1
1
1
1
1
1
1
1
1
1
1
1
1
1
1
1
1
1
1
1
1
1
1
1
1
1
1
1
1
1
1
1
1
1
1
1
1
1
1
1
1
1
1
1
1
1
1
1
1
1
1
1
1
1
1
1
1
1
1
1
1
1
1
1
1
1
1
1
1
1
1
1
1
1
1
1
1
1
1
1
1
1
1
1
1
1
1
1
1
1
1
1
1
1
1
1
1
1
1
1
1
1
1
1
1
1
1
1
1
1
1
1
1
1
1
1
1
1
1
1
1
1
1
1
1
1
1
1
1
1
1
1
1
1
1
1
1
1
1
1
1
1
1
1
1
1
1
1
1
1
1
1
1
1
1
1
1
1
1
1
1
1
1
1
1
1
1
1
1
1
1
1
1
1
1
1
1
1
1
1
1
1
1
1
1
1
1
1
1
1
1
1
1
1
1
1
1
1
1
1
1
1
1
1
1
1
1
1
1
1
1
1
1
1
1
1
1
1
1
1
1
1
1
1
1
1
1
1
1
1
1
1
1
1
1
1
1
1
1
1
1
1
1
1
1
1
1
1
1
1
1
1
1
1
1
1
1
1
1
1
1
1
1
1
1
1
1
1
1
1
1
1
1
1
1
1
1
1
1
1
1
1
1
1
1
1
1
1
1
1
1
1
1
1
1
1
1
1
1
1
1
1
1
1
1
1
1
1
1
1
1
1
1
1
1
1
1
1
1
1
1
1
1
1
1
1
1
1
1
1
1
1
1
1
1
1
1
1
1
1
1
1
1
1
1
1
1
1
1
1
1
1
1
1
1
1
1
1
1
1
1
1
1
1
1
1
1
1
1
1
1
1
1
1
1
1
1
1
1
1
1
1
1
1
1
1
1
1
1
1
1
1
1
1
1
1
1
1
1
1
1
1
1
1
1
1
1
1
1
1
1
1
1
1
1
1
1
1
1
1
1
1
1
1
1
1
1
1
1
1
1
1
1
1
1
1
1
1
1
1
1
1
1
1
1
1
1
1
1
1
1
1
1
1
1
1
1
1
1
1
1
1
1
1
1
1
1
1
1
1
1
1
1
1
1
1
1
1
1
1
1
1
1
1
1
1
1
1
1
1
1
1
1
1
1
1
1
1
1
1
1
1
1
1
1
1
1
1
1
1
1
1
1
1
1
1
1
1
1
1
1
1
1
1
1
1
1
1
1
1
1
1
1
1
1
1
1
1
1
1
1
1
1
1
1
1
1
1
1
1
1
1
1
1
1
1
1
1
1
1
1
1
1
1
1
1
1
1
1
1
1
1
1
1
1
1
1
1
1
1
1
1
1
1
1
1
1
1
1
1
1
1
1
1
1
1
1
1
1
1
1
1
1
1
1
1
1
1
1
1
1
1
1
1
1
1
1
1
1
1
1
1
1
1
1
1
1
1
1
1
1
1
1
1
1
1
1
1
1
1
1
1
1
1
1
1
1
1
1
1
1
1
1
1
1
1
1
1
1
1
1
1
1
1
1
1
1
1
1
1
1
1
1
1
1
1
1
1
1
1
1
1
1
1
1
1
1
1
1
1
1
1
1
1
1
1
1
1
1
1
1
1
1
1
1
1
1
1
1
1
1
1
1
1
1
1
1
1
1
1
1
1
1
1
1
1
1
1
1
1
1
1
1
1
1
1
1
1
1
1
1
1
1
1
1
1
1
1
1
1
1
1
1
1
1
1
1
1
1
1
1
1
1
1
1
1
1
1
1
1
1
1
1
1
1
1
1
1
1
1
1
1
1
1
1
1
1
1
1
1
1
1
1
1
1
1
1
1
1
1
1
1
1
1
1
1
1
1
1
1
1
1
1
1
1
1
1
1
1
1
1
1
1
1
1
1
1
1
1
1
1
1
1
1
1
1
1
1
1
1
1
1
1
1
1
1
1
1
1
1
1
1
1
1
1
1
1
1
1
1
1
1
1
1
1
1
1
1
1
1
1
1
1
1
1
1
1
1
1
1
1
1
1
1
1
1
1
1
1
1
1
1
1
1
1
1
1
1
1
1
1
1
1
1
1
1
1
1
1
1
1
1
1
1
1
1
1
1
1
1
1
1
1
1
1
1
1
1
1
1
1
1
1
1
1
1
1
1
1
1
1
1
1
1
1
1
1
1
1
1
1
1
1
1
1
1
1
1
1
1
1
1
1
1
1
1
1
1
1
1
1
1
1
1
1
1
1
1
1
1
1
1
1
1
1
1
1
1
1
1
1
1
1
1
1
1
1
1
1
1
1
1
1
1
1
1
1
1
1
1
1
1
1
1
1
1
1
1
1
1
1
1
1
1
1
1
1
1
1
1
1
1
1
1
1
1
1
1
1
1
1
1
1
1
1
1
1
1
1
1
1
1
1
1
1
1
1
1
1
1
1
1
1
1
1
1
1
1
1
1
1
1
1
1
1
1
1
1
1
1
1
1
1
1
1
1
1
1
1
1
1
1
1
1
1
1
1
1
1
1
1
1
1
1
1
1
1
1
1
1
1
1
1
1
1
1
1
1
1
1
1
1
1
1
1
1
1
1
1
1
1
1
1
1
1
1
1
1
1
1
1
1
1
1
1
1
1
1
1
1
1
1
1
1
1
1
1
1
1
1
1
1
1
1
1
1
1
1
1
1
1
1
1
1
1
1
1
1
1
1
1
1
1
1
1
1
1
1
1
1
1
1
1
1
1
1
1
1
1
1
1
1
1
1
1
1
1
1
1
1
1
1
1
1
1
1
1
1
1
1
1
1
1
1
1
1
1
1
1
1
1
1
1
1
1
1
1
1
1
1
1
1
1
1
1
1
1
1
1
1
1
1
1
1
1
1
1
1
1
1
1
1
1
1
1
1
1
1
1
1
1
1
1
1
1
1
1
1
1
1
1
1
1
1
1
1
1
1
1
1
1
1
1
1
1
1
1
1
1
1
1
1
1
1
1
1
1
1
1
1
1
1
1
1
1
1
1
1
1
1
1
1
1
1
1
1
1
1
1
1
1
1
1
1
1
1
1
1
1
1
1
1
1
1
1
1
1
1
1
1
1
1
1
1
1
1
1
1
1
1
1
1
1
1
1
1
1
1
1
1
1
1
1
1
1
1
1
1
1
1
1
1
1
1
1
1
1
1
1
1
1
1
1
1
1
1
1
1
1
1
1
1
1
1
1
1
1
1
1
1
1
1
1
1
1
1
1
1
1
1
1
1
1
1
1
1
1
1
1
1
1
1
1
1
1
1
1
1
1
1
1
1
1
1
1
1
1
1
1
1
1
1
1
1
1

FiniteElementSpace
FiniteElementCollection: NURBS3
VDim: 2
Ordering: 1

1.73205080756888 1
1.2 1.2
1.26060104354462 1
-1.39473319220205 1.70805553949482e-16
-1.2 1.2
-1.41421356237309 1.41421356237309
1.41421356237309 1.41421356237309
-2 2.44929359829471e-16
0 0
-1.73205080756888 1
-1.26060104354462 1
4 -1
4 1
0 -1
1.73205080756888 -1
-6.93889390390723e-17 1
1.5387338100684 -1
1.41675903068262 -1
1.3397981477878 -1
1.29123911348764 -1
1.26060043415509 -1
1.00848034732407 -1
0.756360260493053 -1
0.504240173662036 -1
0.252120086831018 -1
-1.43406835170246 1.75622721667095e-16
-1.49641037821903 1.83257417989682e-16
-1.59521583164938 1.9535759621786e-16
-1.75181192216916 2.14535086319264e-16
-0.139473319220206 1.70805553949482e-17
-0.348683298050514 4.27013884873703e-17
-0.627629936490924 7.68624992772666e-17
-0.976313234541436 1.19563887764637e-16
-1.99407395710147 -0.153847501148626
-1.97633094416252 -0.30678330975737
-1.94687610889199 -0.457901099174908
-1.90588399953274 -0.606305352380385
-1.85359754148883 -0.751116604920003
-1.79032658164838 -0.89147671368534
-1.71644606644357 -1.02655389580402
-1.63239381542799 -1.15554767593226
-1.53866795223162 -1.27769359894122
-1.43582384612888 -1.39226789192585
-1.32447099578306 -1.49859153251626
-1.20526927275851 -1.59603445456048
-1.07892507164605 -1.68401920706789
-0.946187113672021 -1.76202438857157
-0.807842008945767 -1.8295877373284
-0.664709592110303 -1.88630887135605
-0.517638090205041 -1.93185165257814
-0.367499035633142 -1.9659461993678
-0.215182166672912 -1.98839046345177
-0.0615901178571395 -1.99905143940378
0.0923669216462702 -1.99786594940341
0.245776581554273 -1.98484101931603
0.397729762665673 -1.96005383494686
0.547325980144165 -1.92365128634564
0.693678720079105 -1.87584909662516
0.835920689773567 -1.81693054363905
0.973208949863993 -1.74724478534195
1.10472994393538 -1.66720477175796
1.22970425686171 -1.57728483180946
1.34739128407145 -1.47801783737826
1.45709361822358 -1.36999203929516
1.55816114905134 -1.25384761178821
1.6499949491966 -1.13027282884518
0 -0.833333333333854
0 -0.666666666667425
0 -0.500000000000767
0 -0.33333333333394
0 -0.166666666666998
1.55052781181814 -1.09369763470877
1.45045438099542 -1.13943035327605
1.35140362320704 -1.09021072356709
1.29967478088732 -1.05441723397265
1.22296101664564 -1.08934688289977
1.06225950848298 -1.1368121977817
0.858001726694242 -1.17668453161755
0.621838961628799 -1.20376127330821
0.369641595806891 -1.20294619920515
0.118494314068636 -1.1937470321532
-0.153563835435352 -1.04093472537748
-0.0959528080823861 -1.2225472391882
-0.168022525565811 -0.864320758538364
-0.177655220931862 -0.694281339879371
-0.188683553424634 -0.524479882693429
-0.199034800487263 -0.352846486703914
-0.195180776558095 -0.176637658087925
-0.419755327331595 -0.196428765873281
-0.683546912518053 -0.224944532601674
-0.992321203029419 -0.261362779572581
-1.2562217003975 -0.180247438864087
-1.4032945038658 -0.126834708624986
-1.52199707162633 -0.113022955128939
-1.65325386170655 -0.120063279294702
-1.81251390846033 -0.138844008199691
-1.82206842980017 -0.277350360971418
-1.80550091479215 -0.415067617717003
-1.75655644292215 -0.548531988565243
-1.68705137970104 -0.684152310057978
-1.59597203010074 -0.831464950649698
-1.61120562972054 -0.967696746609331
-1.52332939223862 -1.05696545788955
-1.42419304749932 -1.16328753321566
-1.31782809162723 -1.27252211596669
-1.20539601518373 -1.37659146373219
-1.08778072439165 -1.47375524519963
-0.969058702230616 -1.56643242329331
-0.840811117995532 -1.64895009101474
-0.710178530803489 -1.72041010094678
-0.581003812448254 -1.78310879015908
-0.49275675173047 -1.84645658308026
-0.383785264567343 -1.83835859483794
-0.243891453892651 -1.85523810401754
-0.097349780144235 -1.85746975696905
0.0528028293658849 -1.85326326573144
0.205393116424765 -1.8394525216277
0.358326802544487 -1.80917799632986
0.512805373888939 -1.77360666746344
0.65977989790736 -1.74725097008287
0.776532817735111 -1.73782002650493
0.847090929595651 -1.65352697476266
0.951536647916257 -1.54689746427458
1.09163188863861 -1.45501661938891
1.22972103122382 -1.36615927560034
1.35200368742724 -1.26359586504342
-0.408836965089759 -0.379045639721035
-0.628599594609305 -0.412835797310749
-0.849454528648667 -0.45826083255721
-1.43865482465205 -0.261090420607137
-1.31053267463704 -0.330688693182795
-1.55276380593033 -0.227330151233631
-1.67855183685021 -0.245468223136622
-1.1537614142436 -0.427732903737913
-1.01934159006818 -0.567869131587963
-1.67946181911793 -0.3674829340688
-1.62258553765504 -0.475586621129296
-1.5415590144258 -0.5856306387292
-1.44074718663896 -0.931366737612884
-1.31606573136047 -1.04262866057833
-1.20200721334683 -1.15314755342263
-1.08721733313241 -1.25781019320304
-0.968775579128686 -1.35379516399998
-0.855017805291641 -1.45432373232321
-0.734928268532223 -1.54340613781163
-0.60043583995843 -1.62088265822638
-0.449202157614228 -1.70403516474983
-0.287095450684622 -1.7288019061106
-0.140336272219993 -1.71943161653457
0.00717391894684649 -1.71170876324901
0.158246933617559 -1.70193855000627
0.31530554387947 -1.65685967202274
0.49761862135498 -1.61496333364908
0.684640880728683 -1.60661986110863
0.746938557352763 -1.41792642182257
0.959928927334467 -1.33040229525247
1.12629458481812 -1.2578128438184
-0.0820106461309754 -1.41290878986412
0.187192308406471 -1.44447113076395
-0.28792376999723 -1.24182100968438
-0.276963894294506 -1.43255230561375
-0.325665791777559 -1.06630744982294
-0.339774670751069 -0.893645763014758
-0.357196705389041 -0.723403723469877
-0.382870653747985 -0.554044558975962
-0.575826699095678 -0.587877514896881
-0.761068145581532 -0.633845354409453
-0.921288364922272 -0.717735125600662
-1.17345273597736 -0.69513797832903
-1.06011383883461 -0.824215900343354
-1.2971387954589 -0.570336991760775
-1.41274377970972 -0.469531684013362
-1.51012564309318 -0.383808986013119
-1.58319138992627 -0.322865949551065
-1.19390078946668 -0.929959301794026
-1.31511924874001 -0.820127032381181
-1.08208027203414 -1.04143137638774
-0.967796601129639 -1.14502611503506
-0.841859698982095 -1.23629854828114
-0.741629630253729 -1.34811842698208
-0.64361582429924 -1.44331018860305
-0.519879599531451 -1.50199157358647
-0.386521334759887 -1.56138214581164
-0.288194974682895 -1.6215492137294
-0.185477463735534 -1.57997997895313
-0.0448759383113332 -1.57232226128555
0.0870712890607774 -1.59233199257676
-0.462033954028007 -1.24212150434777
-0.444399611181498 -1.386809800201
-0.504566447065563 -1.08570900746468
-0.511041673211568 -0.919851519118886
-0.534927458773094 -0.755223652752576
-0.959517503550349 -0.937105981822657
-0.85194989581332 -1.04070095607361
-0.69728346216448 -1.11496396581611
-0.619835286464692 -1.25874136214282
-0.67172322865781 -0.947282990671564
-0.703653102611338 -0.793809650036335
-0.790978765032828 -0.942036411390529
-0.844960246312185 -0.846128610087922
1.26104710988136 -1.17538855359493
-1.43910201687177 -0.705826519538616
-0.566639556854246 -1.36316892404806
0.476201315303013 -1.41315198277425
1.76749461645032 0.942830473299797
1.79939404444361 0.882811804609655
1.82774909154876 0.820513822327562
1.85610413865391 0.758215840045469
1.88091480487091 0.693638544171424
1.90218109019977 0.627351763103416
1.92344737552863 0.561064982035408
1.94116927996935 0.493068715773436
1.95534680352193 0.423932792715489
1.9695243270745 0.354796869657542
1.98015746973893 0.284521289803619
1.98724623151522 0.213675881551708
1.99433499329151 0.142830473299797
1.99787937417965 0.0714152366498986
1.99787937417965 -9.0205620750794e-17
1.99787937417965 -0.0595126972082489
1.99541799856288 -0.119025394416498
1.99049524732935 -0.178208329820356
1.98557249609582 -0.237391265224213
1.97818836924552 -0.29624443882368
1.96834286677845 -0.354438088814364
1.95849736431139 -0.412631738805049
1.94619048622756 -0.470165865186951
1.93142223252696 -0.52671070615568
1.91665397882636 -0.583255547124409
1.89942434950899 -0.638811102679964
1.87973334457486 -0.693047611017955
1.86004233964073 -0.747284119355947
1.83788995908984 -0.800201580476373
1.81327620292217 -0.851470232574844
1.78866244675451 -0.902738884673316
1.76158731497008 -0.952358727749831
3.92440169358563 -1
3.84880338717126 -1
3.77320508075689 -1
3.69760677434252 -1
3.62200846792815 -1
3.54641016151377 -1
3.4708118550994 -1
3.39521354868503 -1
3.31961524227066 -1
3.24401693585629 -1
3.16841862944192 -1
3.09282032302755 -1
3.01722201661318 -1
2.94162371019881 -1
2.86602540378444 -1
2.79042709737007 -1
2.71482879095569 -1
2.63923048454132 -1
2.56363217812695 -1
2.48803387171258 -1
2.41243556529821 -1
2.33683725888384 -1
2.26123895246947 -1
2.1856406460551 -1
2.11004233964073 -1
2.03444403322636 -1
1.95884572681199 -1
1.88324742039762 -1
1.80764911398325 -1
4 -0.944444444444444
4 -0.888888888888889
4 -0.833333333333333
4 -0.777777777777778
4 -0.722222222222222
4 -0.666666666666667
4 -0.611111111111111
4 -0.555555555555555
4 -0.5
4 -0.444444444444444
4 -0.388888888888889
4 -0.333333333333333
4 -0.277777777777778
4 -0.222222222222222
4 -0.166666666666667
4 -0.111111111111111
4 -0.0555555555555556
4 -1.07552855510562e-16
4 0.0666666666666666
4 0.133333333333333
4 0.2
4 0.266666666666666
4 0.333333333333333
4 0.4
4 0.466666666666666
4 0.533333333333333
4 0.6
4 0.666666666666666
4 0.733333333333333
4 0.8
4 0.866666666666666
4 0.933333333333333
1.80764911398325 1
1.88324742039762 1
1.95884572681199 1
2.03444403322636 1
2.11004233964073 1
2.1856406460551 1
2.26123895246947 1
2.33683725888384 1
2.41243556529821 1
2.48803387171258 1
2.56363217812695 1
2.63923048454132 1
2.71482879095569 1
2.79042709737007 1
2.86602540378444 1
2.94162371019881 1
3.01722201661318 1
3.09282032302755 1
3.16841862944192 1
3.24401693585629 1
3.31961524227066 1
3.39521354868503 1
3.4708118550994 1
3.54641016151377 1
3.62200846792815 1
3.69760677434252 1
3.77320508075689 1
3.84880338717126 1
3.92440169358563 1
-1.32041252630934 1.52917918518065
-1.20518234616749 1.62689996456707
-1.07495176517097 1.70737590053236
-0.966426281007197 1.77443918050343
-0.847483851805462 1.82952687476538
-0.721844815079321 1.87263898331822
-0.621333585698407 1.90712867016048
-0.516536527501874 1.93395398214891
-0.409358453296662 1.9531149192835
-0.328974897642754 1.96748562213445
-0.247252020483964 1.97754511413011
-0.164993414723221 1.98329339527049
-0.110154344216059 1.98712558269741
-0.0550771721080299 1.98904167641087
-3.60822483003176e-16 1.98904167641087
0.110154344216059 1.98904167641087
0.220308688432118 1.98137730155703
0.328558219841234 1.96604855184935
0.436807751250351 1.95071980214168
0.543152469852525 1.92772667758017
0.645687562840815 1.89706917816482
0.748222655829104 1.86641167874947
0.846948123203509 1.82808980448029
0.939959152157087 1.78210355535727
1.03297018111067 1.73611730623424
1.12026677164342 1.68246668225739
1.1999441109484 1.62115168342669
1.27962145025338 1.55983668459599
1.35167953833059 1.49085731091146
-1.20464044645796 1.20464044645796
-1.20928089291592 1.20928089291592
-1.21392133937387 1.21392133937387
-1.22127595137507 1.22127595137507
-1.22863056337627 1.22863056337627
-1.23598517537747 1.23598517537747
-1.24764144987136 1.24764144987136
-1.25929772436525 1.25929772436525
-1.27095399885914 1.27095399885914
-1.28942794895397 1.28942794895397
-1.30790189904879 1.30790189904879
-1.32637584914362 1.32637584914362
-1.35565508688678 1.35565508688678
-1.38493432462993 1.38493432462993
1.12420115364459 1.225888675251
1.04714196119581 1.2491884829769
0.969074491872317 1.26989942317771
0.891007022548829 1.29061036337851
0.811931276350639 1.30873243605421
0.732099322496423 1.32426564120481
0.652267368642206 1.33979884635541
0.571679207131964 1.35274318398091
0.49058690718437 1.36309865408131
0.409494607236776 1.37345412418171
0.327898168851831 1.38122072675701
0.246049661248211 1.38639846180721
0.164201153644591 1.39157619685741
0.0821005768222953 1.39416506438251
-3.60822483003176e-16 1.39416506438251
-0.0410502884111483 1.39416506438251
-0.0821005768222961 1.39351784750124
-0.12311935658111 1.39222341373869
-0.18464752621933 1.39028176309486
-0.246104801389797 1.38688387446817
-0.307384840390884 1.38202974785861
-0.389091559058999 1.37555757904586
-0.47048319120377 1.36649654270801
-0.551307667606521 1.35484663884506
-0.652338263109959 1.34028425901637
-0.752482677766492 1.32167677367971
-0.851248588883393 1.29902418283508
-0.969767682223675 1.27184107382153
-1.08630173046689 1.2388330128765
1.20464044645796 1.20464044645796
1.20928089291592 1.20928089291592
1.21392133937387 1.21392133937387
1.22127595137507 1.22127595137507
1.22863056337627 1.22863056337627
1.23598517537747 1.23598517537747
1.24764144987136 1.24764144987136
1.25929772436525 1.25929772436525
1.27095399885914 1.27095399885914
1.28942794895397 1.28942794895397
1.30790189904879 1.30790189904879
1.32637584914362 1.32637584914362
1.35565508688678 1.35565508688678
1.38493432462993 1.38493432462993
1.64510559150578 1.15076693727337
1.53734016303826 1.29120957796734
1.2220286954777 1.13391493592696
1.24224436477426 1.06719770429492
1.66761189169492 1
1.60317297582095 1
1.53873405994699 1
1.49807585270597 1
1.45741764546496 1
1.41675943822394 1
1.39110584375182 1
1.3654522492797 1
1.33979865480758 1
1.32361233096308 1
1.30742600711858 1
1.29123968327409 1
1.28102680336426 1
1.27081392345444 1
-1.39476860817032 0.0672660722970093
-1.39297663792473 0.134649897560611
-1.38937640608814 0.202008895335209
-1.38577617425155 0.269367893109807
-1.38036768082396 0.336702063395401
-1.37317005042825 0.403868825736394
-1.36597242003253 0.471035588077388
-1.35698565266868 0.53803494247378
-1.34622887295957 0.604724308469975
-1.33547209325045 0.67141367446617
-1.32294530119607 0.737793052062167
-1.30866762141929 0.803719860802371
-1.29438994164251 0.869646669542574
-1.27836137414333 0.935120909426982
-1.66761189169492 1
-1.60317297582095 1
-1.53873405994699 1
-1.49807585270597 1
-1.45741764546496 1
-1.41675943822394 1
-1.39110584375182 1
-1.3654522492797 1
-1.33979865480758 1
-1.32361233096308 1
-1.30742600711858 1
-1.29123968327409 1
-1.28102680336426 1
-1.27081392345444 1
-2.00027468269982 0.0690545746908152
-1.99667455853076 0.138554184589331
-1.98934795615071 0.20794525960803
-1.98202135377067 0.277336334626729
-1.97096827317964 0.34661887476561
-1.95633704303553 0.415239309937156
-1.94170581289142 0.483859745108702
-1.92349643319424 0.551818075312911
-1.90185723260188 0.618560730462267
-1.88021803200952 0.685303385611623
-1.85514901052199 0.750830365706124
-1.82679849679719 0.814588100658252
-1.79844798307238 0.87834583561038
-1.76681597711031 0.940334325420136
-1.2220286954777 1.13391493592698
-1.24224436477426 1.06719770429491
-1.53734016303827 1.29120957796734
-1.64510559150577 1.15076693727337
0 0.0666666666666666
0 0.133333333333333
0 0.2
0 0.266666666666666
0 0.333333333333333
0 0.4
0 0.466666666666666
0 0.533333333333333
0 0.6
0 0.666666666666667
0 0.733333333333333
0 0.8
0 0.866666666666667
0 0.933333333333333
-1.13454093919067 1
-1.0084808348365 1
-0.882420730482155 1
-0.777370643520205 1
-0.672320556558141 1
-0.567270469596005 1
-0.483230400026296 1
-0.399190330456541 1
-0.31515026088676 1
-0.252120208709424 1
-0.189090156532074 1
-0.126060104354718 1
-0.0840400695698135 1
-0.0420200347849068 1
1.66761180840205 -1
1.60317280923523 -1
1.55664509484224 -1.03123254490292
1.55358645333019 -1.06246508980585
1.61683923673712 -1.11808109746638
1.58368352427763 -1.10588936608758
1.70639054235303 -1.04444488308954
1.67899805370122 -1.0879335147477
1.45079151764634 -1.04647678442535
1.45062294932088 -1.0929535688507
1.5171700015439 -1.1089418742312
1.48381219126966 -1.12418611375363
1.49807555027314 -1
1.45741729047788 -1
1.3720328618006 -1.03007024118903
1.36171824250382 -1.06014048237806
1.41743746173263 -1.12302381003973
1.38442054246984 -1.10661726680341
1.39110540305101 -1
1.36545177541941 -1
1.32592882971441 -1.01813907799088
1.31280180530086 -1.03627815598177
1.33416067576713 -1.07827956036894
1.31691772832723 -1.0663483971708
1.32361180302108 -1
1.30742545825436 -1
1.28214746163994 -1.02978229429992
1.25255423914279 -1.05956458859985
1.27410352614009 -1.06606045028169
1.24853227139287 -1.07770366659073
1.28102622037679 -1
1.27081332726594 -1
1.17656040521142 -1
1.09252037626774 -1
1.05368153436744 -1.04560406592723
1.05797052142521 -1.09120813185446
1.16939384725809 -1.10516865452708
1.11582667787053 -1.12099042615439
0.924440318380399 -1
0.840400289436726 -1
0.810696849219584 -1.05889484387252
0.834349287956912 -1.11778968774503
0.994173581220069 -1.15010297572698
0.926087653957155 -1.16339375367226
0.672320231549381 -1
0.588280202605708 -1
0.557077169646157 -1.06792042443607
0.589458065637476 -1.13584084887214
0.779280805005761 -1.1857101121811
0.70055988331728 -1.19473569274465
0.298112623153909 -1.06764873306838
0.3338771094804 -1.13529746613676
0.537773173021496 -1.20348958194052
0.453707384414194 -1.20321789057283
0.420200144718363 -1
0.336160115774691 -1
0.0394981046895453 -1.06458234405107
0.0789962093790904 -1.12916468810213
0.285925835227472 -1.19987981018783
0.202210074648054 -1.19681342117052
0.0840400289436727 -1
0.168080057887345 -1
-0.0511879451451172 -1.01364490845916
-0.102375890290234 -1.02728981691832
-0.13436015965103 -1.10147222998105
-0.115156483866708 -1.16200973458463
0.047011940018295 -1.20334710116487
-0.0244704340320455 -1.21294717017653
-0.056007508521937 -0.843662475068344
-0.112015017043874 -0.853991616803353
-0.158383398812171 -0.982063403097772
-0.163202962188991 -0.923192080818067
0 -0.944444444444672
0 -0.888888888889287
-0.0592184069772872 -0.675871557737569
-0.118436813954574 -0.685076448808469
-0.171233424021161 -0.807640952318699
-0.174444322476511 -0.750961146099036
0 -0.777777777778422
0 -0.722222222222942
0 -0.611111111111907
0 -0.555555555556351
-0.0628945178082115 -0.508159960897811
-0.125789035616423 -0.516319921795619
-0.181331331762786 -0.637680854150724
-0.18500744259371 -0.581080368422076
0 -0.444444444445184
0 -0.388888888889571
-0.0663449334957542 -0.339837717790194
-0.132689866991508 -0.346342102247053
-0.192133969112177 -0.467268750696925
-0.19558438479972 -0.410057618700419
0 -0.277777777778308
0 -0.222222222222658
-0.0650602588526984 -0.169990330473753
-0.130120517705397 -0.173313994280839
-0.197750125844207 -0.294110210498585
-0.196465451201151 -0.235373934293255
-0.0464911064067352 5.69351846498272e-18
-0.0929822128134704 1.13870369299654e-17
-0.158042471666169 -0.0588792193626419
-0.176611624112132 -0.117758438725284
0 -0.0555555555556694
0 -0.111111111111339
-0.209209978830308 2.56208330924222e-17
-0.278946638440411 3.41611107898963e-17
-0.372373974477541 -0.0654762552910938
-0.396064650904567 -0.130952510582187
-0.270038960149262 -0.183234694016378
-0.344897143740428 -0.189831729944829
-0.441665510863984 5.40884254173358e-17
-0.534647723677454 6.54754623473012e-17
-0.646268928499968 -0.0749815108672247
-0.66490792050901 -0.149963021734449
-0.507685855727081 -0.205934021449412
-0.595616384122566 -0.215439277025543
-0.981649224037433 -0.0871209265241938
-0.986985213533425 -0.174241853048387
-0.786471676021841 -0.237083948258643
-0.88939643952563 -0.249223363915612
-0.743857702507762 9.10962954397234e-17
-0.860085468524599 1.0533009160218e-16
-1.25525987298185 1.53724998554534e-16
-1.11578655376164 1.36644443159585e-16
-1.34856269493387 -0.0600824796213623
-1.30239219766569 -0.120164959242724
-1.08028803548545 -0.23432433266975
-1.16825486794148 -0.207285885766918
-1.40784491203552 1.7241127652202e-16
-1.42095663186899 1.74016999094557e-16
-1.42381040242358 -0.0422782362083288
-1.41355245314468 -0.0845564724166574
-1.30524596822027 -0.162443195451053
-1.35427023604303 -0.14463895203802
-1.45484902720798 1.78167620441291e-16
-1.47562970271351 1.80712519215486e-16
-1.50493927602147 -0.0376743183763129
-1.5134681738239 -0.0753486367526258
-1.44286202645264 -0.12223079079297
-1.48242954903948 -0.117626872960954
-1.52934552936248 1.87290810732408e-16
-1.56228068050593 1.91324203475134e-16
-1.61456184166844 -0.040021093098234
-1.63390785168749 -0.0800421861964678
-1.5657493349864 -0.11536972985086
-1.60950159834647 -0.117716504572781
-1.64741452848931 2.01750092918328e-16
-1.69961322532924 2.08142589618796e-16
-1.77204591759956 -0.046281336066564
-1.79227991302994 -0.0925626721331274
-1.70634054395781 -0.126323522263032
-1.75942722620907 -0.132583765231361
-1.9999999998138 -0.0513205328451252
-1.99802172524924 -0.102679028515806
-1.93355394004985 -0.148846347692766
-1.87303392467405 -0.143845172516003
-1.91727064072305 2.34797935326069e-16
-1.83454128144611 2.24666510822666e-16
-1.92491010604174 -0.29697232682872
-1.87348926792095 -0.287161343900068
-1.81569874890694 -0.185012792456934
-1.81888358935356 -0.231181576714176
-1.99012618906943 -0.205015972281444
-1.98420308606386 -0.256070128217171
-1.9684588029034 -0.357496487035753
-1.9586259732005 -0.407943739165415
-1.89975104393614 -0.443623273110312
-1.8526259794921 -0.429345444869638
-1.8165459247975 -0.323256113219947
-1.81102341979482 -0.369161865468474
-1.85610814931157 -0.587047558210558
-1.80633229512568 -0.567789776503624
-1.78918609083548 -0.459555741333083
-1.77287126687882 -0.504043864949163
-1.93512624430147 -0.507858460481143
-1.92144195692532 -0.557399859556491
-1.79808215435387 -0.72879517298436
-1.74256676696364 -0.706473741678653
-1.73338808851511 -0.593738762396155
-1.71021973410808 -0.638945536227067
-1.89032604307292 -0.655210842272193
-1.87287139317052 -0.703552799436045
-1.72554173272511 -0.871472789475064
-1.66075688061662 -0.851468871661578
-1.65669159650094 -0.733256523588551
-1.62633181330084 -0.782360737119125
-1.83432368902053 -0.798680412345185
-1.81320211195347 -0.845536455969358
-1.68136592727596 -1.00693483536009
-1.64628577529488 -0.987315796340892
-1.60104989664067 -0.876875549302907
-1.60612776318061 -0.922286147956121
-1.76745105078149 -0.937416972529569
-1.74278771392521 -0.982509430736657
-1.59603902162488 -1.12268691691105
-1.55968419996841 -1.08982619723712
-1.5819135505599 -0.997452983702737
-1.55262147139926 -1.02720922079615
-1.69010441865271 -1.0705983613884
-1.66204547815059 -1.11366001361104
-1.5005096352554 -1.23955826224342
-1.46235134907675 -1.20142288845751
-1.49028394399219 -1.09240614966492
-1.45723849574575 -1.12784684144029
-1.60274216038153 -1.19743532740972
-1.57145390355146 -1.23821097758266
-1.39649192796167 -1.3523526332728
-1.35716000979445 -1.31243737461974
-1.38873806220862 -1.19969906079934
-1.35328307691793 -1.23611058838302
-1.50588199242424 -1.31717623052094
-1.47154981860706 -1.35542426151906
-1.40009788988801 -1.42911150549964
-1.36292525655315 -1.4646052516354
-1.28477933558328 -1.45792484292157
-1.24508767538351 -1.41725815332688
-1.28035073281273 -1.3072118985552
-1.24287337399823 -1.34190168114369
-1.28601674051048 -1.53257780881537
-1.24622394239237 -1.56510692374552
-1.16610642330289 -1.55527471810686
-1.12694357384727 -1.51451498165324
-1.16619091825304 -1.40897939088801
-1.12698582132235 -1.44136731804382
-1.16431460364057 -1.62696198492229
-1.12213745861453 -1.65633369865896
-1.04230294850757 -1.64482361247637
-1.00568082536909 -1.60562801788484
-1.04820671700464 -1.50464763789752
-1.00863270961763 -1.53554003059541
-1.03571269570458 -1.71170470844157
-0.991401128010439 -1.73774497578928
-0.911061781779859 -1.72433295605263
-0.875936449887694 -1.68664152353368
-0.926309507485588 -1.59393831253379
-0.883560312740559 -1.62144420177426
-0.900973097429557 -1.78630380252858
-0.854789717326557 -1.80885829630836
-0.77528751742871 -1.79319519133932
-0.742733023517581 -1.75680264640732
-0.797266922264852 -1.67277009432542
-0.753722726534168 -1.6965900976361
-0.636807675829811 -1.85190884067015
-0.608905739002271 -1.81750881722474
-0.667120291351743 -1.74130966401755
-0.6240620519 -1.76220922708831
-0.760894298210642 -1.8503171793671
-0.713112782316879 -1.86925224541975
-0.509344310713517 -1.90338662941218
-0.501050531221993 -1.87492160624622
-0.551588125542325 -1.8042247211328
-0.522172438636399 -1.82534065210654
-0.616306406192303 -1.90336549578112
-0.567209915967867 -1.91856892189765
-0.468066262062826 -1.94513438370341
-0.417945749561412 -1.9565160740174
-0.372927778611209 -1.92341699785785
-0.378356521589275 -1.88088779634789
-0.456432922676094 -1.84375725366615
-0.420109093621718 -1.84105792425204
-0.317052343119438 -1.97537632069237
-0.266204796181754 -1.98286883186257
-0.224751927778559 -1.94400634378115
-0.234321691486071 -1.89962222382895
-0.337153994342446 -1.84398509789781
-0.290522724117548 -1.84961160095767
-0.0735100041689734 -1.95185754529329
-0.0854298927152032 -1.90466365111396
-0.195044229309845 -1.85598198833471
-0.146197004727041 -1.85672587265188
-0.164159537581186 -1.99391209518312
-0.112886310432373 -1.9974710205691
0.079178884353953 -1.94966505514809
0.0659908601260133 -1.90146416028877
-0.0472989103075284 -1.85606759322318
0.00275195952917823 -1.85466542947731
-0.0102939236247905 -2.00063185828952
0.0411011474041831 -2.00023610930026
0.232315426173835 -1.93637818679502
0.218854271467934 -1.88791535419048
0.103666258385512 -1.84865968436353
0.154529687405139 -1.84405610299562
0.143632692814764 -1.99549578964866
0.194845033553027 -1.99114771171063
0.384595442625277 -1.9097618887412
0.371461122584882 -1.85946994253553
0.256371011798006 -1.82936101319509
0.307348907171246 -1.81926950476248
0.29670813163419 -1.97853432666403
0.347434260696061 -1.9702596863511
0.448025269816752 -1.94984798270894
0.497964587678183 -1.93769581354732
0.535819111392424 -1.87363641338491
0.524312242640681 -1.82362154042417
0.409819659659304 -1.79732088670772
0.461312516774121 -1.78546377708558
0.596687396734356 -1.90960675264492
0.645543955172419 -1.89364906921879
0.682379112688524 -1.83298305444439
0.671079505297942 -1.79011701226363
0.56179688189508 -1.76482143500325
0.610788389901219 -1.75603620254305
0.741813529986476 -1.85804910672371
0.789297745712577 -1.83838050057131
0.816124732427416 -1.79056037126101
0.796328775081262 -1.76419019888297
0.698697537849945 -1.74410732222356
0.737615177792526 -1.74096367436424
0.8825435897758 -1.79548060628861
0.928374179715432 -1.77221758867426
0.931169620679125 -1.71600550907504
0.889130269685098 -1.68476624495575
0.800052188355292 -1.70972234259084
0.823571558975471 -1.68162465867675
1.05366551490745 -1.62710233395658
1.00260107992263 -1.58699990010237
0.881906169035852 -1.61798380459997
0.916721408476056 -1.58244063443728
1.01804371829431 -1.72227198343833
1.06194902365749 -1.69555243754006
1.18368013438869 -1.53652876079366
1.13765601137964 -1.49577269019576
0.998235061490373 -1.51627051597936
1.04493347506449 -1.48564356768414
1.14751086316262 -1.63885710667206
1.18923070728277 -1.60883937110623
1.30816787128807 -1.44073164571355
1.26894444883969 -1.40344546285964
1.13766160283368 -1.42539750479272
1.18369131702875 -1.39577839019653
1.2701778047888 -1.54573029380053
1.30946495360037 -1.51259225577918
1.42206364129147 -1.33452664787792
1.38703366435935 -1.29906125646066
1.27048191662496 -1.33197147208137
1.3112428020261 -1.29778366856239
1.38531761681636 -1.44344341690446
1.42193925685447 -1.40738145045426
1.49224797972094 -1.33260262803231
1.52598708609957 -1.29383044098836
1.5222588930327 -1.2157085256175
1.48635663701406 -1.17756943944677
1.41763748313936 -1.18081885719851
1.3848205852833 -1.22220736112097
1.59033521377797 -1.21386478064898
1.62099185356775 -1.17261212994607
-0.416115873250983 -0.257301057155866
-0.412476419170372 -0.31817334843845
-0.268968855354762 -0.361579537709621
-0.33890291022226 -0.370312588715328
-0.665231139881803 -0.287574954171365
-0.646915367245555 -0.350205375741057
-0.482091174929608 -0.390309025584273
-0.555345384769456 -0.401572411447511
-0.702217905955759 -0.427977475726236
-0.775836217302213 -0.443119154141724
-0.944698978235833 -0.32699546390079
-0.897076753442252 -0.392628148229001
-1.27432535847735 -0.230394523636989
-1.2924290165572 -0.280541608409893
-1.41508127746121 -0.171586612619037
-1.42686805105663 -0.216338516613087
-1.39594744131372 -0.284289844799023
-1.35324005797538 -0.307489268990909
-1.53225264972766 -0.151125353830503
-1.542508227829 -0.189227752532067
-1.47669115174481 -0.249836997482636
-1.51472747883757 -0.238583574358133
-1.66168652008777 -0.161864927242008
-1.67011917846899 -0.203666575189315
-1.59469314957029 -0.233376175201295
-1.63662249321025 -0.239422199168958
-1.77422956548351 -0.266722981693152
-1.72639070116686 -0.256095602414888
-1.04613460676748 -0.316819487627691
-1.09994801050554 -0.372276195682802
-1.25827558783923 -0.363036763367834
-1.20601850104142 -0.395384833552874
-0.906083549121838 -0.494796932234127
-0.962712569595012 -0.531333031911046
-1.10895480618513 -0.474444979687929
-1.06414819812666 -0.521157055637946
-1.76348788290075 -0.399206056500935
-1.72147485100934 -0.383344495284868
-1.67885516427279 -0.286139793447348
-1.67915849169536 -0.326811363758073
-1.6605030586303 -0.403517496422298
-1.64154429814267 -0.439552058775798
-1.71189947449978 -0.524216866086594
-1.66724250607741 -0.499901743607945
-1.59557669657862 -0.512267960329264
-1.56856785550221 -0.548949299529232
-1.63855392460929 -0.651311752948385
-1.59005646951755 -0.618471195838793
-1.49580199037207 -1.01509921779733
-1.46827458850552 -0.973232977705105
-1.54423041561348 -0.864765546304093
-1.49248880112622 -0.898066141958489
-1.38815060878637 -1.12306790900322
-1.35210817007342 -1.08284828479077
-1.39918670154613 -0.968454045268032
-1.35762621645331 -1.00554135292318
-1.27922113220043 -1.23273059511867
-1.24061417277363 -1.19293907427065
-1.27804622535593 -1.07946829152643
-1.24002671935138 -1.11630792247453
-1.16600312116662 -1.33699770688914
-1.12661022714952 -1.29740395004609
-1.16374391994202 -1.1880351000161
-1.12548062653722 -1.22292264660957
-1.04811234263733 -1.43376855146641
-1.00844396088301 -1.39378185773319
-1.0477367484645 -1.28980518346869
-1.00825616379659 -1.32180017373433
-0.931045069917625 -1.52906285963661
-0.893031437604632 -1.49169329597991
-0.930856321183005 -1.38730468677439
-0.892937063237322 -1.4208142095488
-0.805516834841096 -1.61376877328037
-0.770222551686658 -1.57858745554599
-0.814987959705169 -1.48401786748601
-0.774958114118696 -1.51371200264882
-0.673597633855136 -1.68723428670665
-0.637016736906782 -1.65405847246652
-0.690097459007627 -1.56923164461655
-0.645266649483027 -1.59505715142146
-0.53706992750358 -1.75675091502266
-0.493136042558903 -1.73039303988624
-0.550024612510363 -1.64860016040086
-0.499613385062296 -1.67631766257535
-0.405590895582972 -1.7935841181419
-0.427396526598599 -1.74880964144586
-0.258292786156642 -1.81309270471523
-0.272694118420632 -1.77094730541291
-0.395166588637694 -1.71229074520342
-0.341131019661158 -1.72054632565701
-0.111678610836155 -1.81145704349089
-0.126007441528074 -1.76544433001273
-0.238175724529746 -1.72567847625192
-0.18925599837487 -1.72255504639325
0.0375931925595388 -1.80607843157063
0.0223835557531926 -1.75889359740982
-0.0911662084977133 -1.71685733210605
-0.0419961447754334 -1.71428304767753
0.189677722155696 -1.79361453108722
0.173962327886627 -1.74777654054674
0.0575315905037505 -1.70845202550143
0.107889262060655 -1.70519528775385
0.343986382989481 -1.75840522156083
0.329645963434475 -1.70763244679178
0.210599803704862 -1.68691225734509
0.262952673792166 -1.67188596468392
0.507743123044287 -1.72072555619198
0.502680872199632 -1.66784444492053
0.37607656970464 -1.64289422589819
0.436847595529809 -1.62892877977363
0.668066892181136 -1.70037393375812
0.676353886454907 -1.65349689743338
0.559959374479548 -1.6121821761356
0.622300127604116 -1.60940101862211
0.792940913306661 -1.63789127021132
0.738790897017674 -1.62225556565998
0.70540677293671 -1.54372204801328
0.726172665144736 -1.48082423491793
0.883337284395091 -1.50390711679058
0.815137920873928 -1.46091676930658
0.817935347346664 -1.38875171296587
0.888932137340566 -1.35957700410917
1.04773090153722 -1.41347851134343
1.00382991443585 -1.37194040329795
1.01538414649569 -1.30620581144111
1.0708393656569 -1.28200932762976
1.19524554908858 -1.33004379833969
1.16077006695336 -1.29392832107905
0.891977460240985 -1.22792378616252
0.925953193787725 -1.2791630407075
1.08360453392803 -1.1771457464606
1.10494955937307 -1.2174792951395
0.663538826870121 -1.27514965614633
0.70523869211144 -1.34653803898445
-0.0913054207652493 -1.28600108941351
-0.0866580334481122 -1.34945493963881
0.00772367204817354 -1.42342957016406
0.0974579902273225 -1.43395035046401
0.141393645514581 -1.27732173169012
0.164292976960526 -1.36089643122703
-0.159943128720667 -1.2289718293536
-0.223933449358948 -1.23539641951899
-0.284270478096322 -1.3053981083275
-0.280617186195414 -1.36897520697063
-0.146995062185486 -1.41945662844733
-0.211979478239996 -1.42600446703054
-0.210931154216088 -1.04939230019263
-0.268298472996823 -1.05784987500778
-0.300504443924006 -1.18331648973056
-0.313085117850783 -1.12481196977675
-0.225273240627564 -0.874095760030496
-0.282523955689316 -0.883870761522625
-0.330368751435396 -1.00875355422021
-0.335071711093233 -0.951199658617484
-0.237502382417588 -0.703988801076208
-0.297349543903314 -0.713696262273041
-0.345582015630393 -0.836898416499797
-0.351389360509717 -0.780151069984838
-0.253412586865752 -0.534334774787607
-0.318141620306868 -0.544189666881784
-0.365754688175356 -0.666950668638573
-0.37431267096167 -0.610497613807266
-0.400181527975834 -0.43737861280601
-0.391526090861911 -0.495711585890987
-0.611008629438096 -0.471183036506126
-0.593417664266887 -0.529530275701505
-0.44718933553055 -0.565322210949602
-0.511508017313113 -0.57659986292324
-0.637573847924295 -0.603200128067738
-0.699320996752915 -0.618522741238596
-0.819992400959621 -0.516789006507957
-0.790530273270578 -0.575317180458707
-0.814474885361779 -0.66180861147319
-0.867881625142026 -0.689771868536926
-0.986657181686213 -0.617824462925529
-0.953972773304243 -0.667779794263096
-1.07071197203791 -0.610292080501652
-1.12208235400764 -0.652715029415341
-1.13567310359645 -0.738163952333804
-1.09789347121553 -0.78118992633858
-0.967563522893054 -0.75322871718156
-1.01383868086383 -0.788722308762456
-1.2015538746487 -0.475267599745534
-1.2493463350538 -0.522802295753154
-1.21468142247121 -0.653537649472945
-1.25591010896506 -0.61193732061686
-1.3446030429946 -0.376969690126318
-1.37867341135216 -0.423250687069839
-1.33567379020918 -0.536735222511638
-1.37420878495945 -0.5031334532625
-1.4624784307991 -0.301996609075799
-1.48630203694614 -0.342902797544458
-1.44520440083754 -0.440957451346615
-1.47766502196536 -0.412383218679866
-1.56290633392897 -0.259175417339443
-1.57304886192762 -0.291020683445253
-1.53448089203754 -0.363494640525768
-1.5588361409819 -0.343180295038416
-1.64737167605404 -0.352610605896222
-1.61528153299016 -0.337738277723643
-1.58509890613442 -0.44499407609057
-1.5476122746138 -0.414401531051845
-1.49862060285377 -0.546930987157253
-1.45568219128175 -0.508231335585309
-1.23430694255779 -0.893348545323078
-1.2747130956489 -0.856737788852128
-1.39887120733931 -0.894286835868982
-1.35699522803966 -0.857206934125083
-1.27534408406254 -1.00507220765023
-1.23462243676461 -0.967515754722129
-1.15662728365583 -0.967116659991929
-1.11935377784499 -1.00427401818983
-1.1620315662426 -1.11590882774433
-1.12205591913837 -1.07867010206604
-1.04741042246482 -1.22021550048038
-1.00760351179723 -1.18262080775772
-1.04398571506597 -1.07596295593684
-1.0058911580978 -1.11049453548595
-0.926470285746488 -1.31462962542703
-0.884164992364293 -1.27546408685409
-0.925817633747125 -1.17545025945042
-0.88383866636461 -1.20587440386578
-0.81722174694567 -1.41892196387616
-0.779425688599701 -1.38352019542912
-0.80844967607264 -1.27357184118145
-0.775039653163184 -1.31084513408176
-0.704490787121228 -1.51004082140877
-0.674053305710235 -1.47667550500591
-0.708958361602234 -1.37984901418907
-0.676287092950736 -1.41157960139606
-0.573583759816103 -1.58125229667974
-0.546731679673778 -1.54162193513311
-0.602370416043311 -1.46287065026419
-0.56112500778738 -1.48243111192533
-0.475426844607596 -1.52178843099486
-0.430974089683743 -1.54158528840325
-0.428308549996115 -1.6564841584371
-0.407414942378001 -1.60893315212437
-0.287461958684046 -1.6930510086502
-0.287828466683471 -1.6573001111898
-0.35374588140089 -1.58143783511756
-0.320970428041892 -1.60149352442348
-0.253955804367108 -1.60769280213731
-0.219716634051321 -1.59383639054522
-0.155383336058507 -1.67294773734076
-0.170430399897021 -1.62646385814694
-0.138610288594134 -1.57742740639727
-0.0917431134527337 -1.57487483384141
-0.0101760334725467 -1.66524659592786
-0.02752598589194 -1.61878442860671
-0.000893529187296349 -1.57899217171595
0.0430888799367406 -1.58566208214636
0.134521718765298 -1.6654030308631
0.110796503913038 -1.62886751171993
0.15381863529124 -1.49375808470155
0.120444962176009 -1.54304503863915
0.272601132055136 -1.58606349160314
0.229896720230805 -1.51526731118355
-0.0696324101910947 -1.46604661367127
-0.0572541742512139 -1.51918443747841
-0.246468417441516 -1.48169486339354
-0.215972940588525 -1.53083742117334
-0.3134830411163 -1.47549558567971
-0.350002187938093 -1.51843886574567
-0.345960498007489 -1.24192117457218
-0.403997226017748 -1.24202133945997
-0.456155839745837 -1.29035093629885
-0.450277725463667 -1.33858036824992
-0.332775799923504 -1.4173048038095
-0.3885877055525 -1.40205730200525
-0.385299343540227 -1.07277463570352
-0.444932895302894 -1.07924182158409
-0.476211451707192 -1.18998400538674
-0.490388949386378 -1.13784650642571
-0.396863671571236 -0.902381015049467
-0.453952672391401 -0.911116267084176
-0.506724855780898 -1.03042317801608
-0.508883264496233 -0.975137348567484
-0.416440289850392 -0.734010366564111
-0.475683874311743 -0.744617009658342
-0.519003601732077 -0.864975563663449
-0.526965530252586 -0.810099608208013
-0.56219361898815 -0.643659560848779
-0.548560538880622 -0.699441606800679
-0.4947196034148 -1.46359764912464
-0.469559607298149 -1.42520372466283
-1.22067490689825 -0.736800996346414
-1.26789707781913 -0.778464014363797
-1.1047094890453 -0.859463700826911
-1.14930513925599 -0.894711501310468
-1.02658172707319 -0.861845927503121
-0.993049615311772 -0.89947595466289
-1.04122601587287 -1.00665624486604
-1.00037175971161 -0.971881113344351
-0.929181032690865 -1.11025106204791
-0.890565464252095 -1.07547600906076
-0.923661634304674 -0.971637639906308
-0.887805765058996 -1.00616929798996
-0.793667620042889 -1.19585368745946
-0.745475541103685 -1.15540882663779
-0.800394417930374 -1.06545529265445
-0.748838940047426 -1.09020962923528
-0.701031515657383 -1.31832607203565
-0.660433401061038 -1.28853371708924
-0.671467403597884 -1.16288976459168
-0.645651345031288 -1.21081556336725
-0.514634398173568 -1.24766145694612
-0.56723484231913 -1.25320140954447
-0.568805452098535 -1.09546066024849
-0.633044457131507 -1.1052123130323
-0.688763384328922 -1.0590703074346
-0.680243306493367 -1.00317664905308
-0.564602191693649 -0.928995342969777
-0.61816271017573 -0.938139166820672
-0.682366519975652 -0.89612521045982
-0.693009811293496 -0.844967430248079
-0.591169340052509 -0.768085651847162
-0.647411221331924 -0.78094765094175
-0.741929797924801 -0.68716678628508
-0.72279145026807 -0.740488218160708
-0.831626185553156 -1.00781277451258
-0.811302475292994 -0.974924592951557
-0.711475074116149 -0.945534130911218
-0.75122691957449 -0.943785271150875
-0.895845658718909 -0.760532953763082
-0.870402952515548 -0.803330781925502
-0.921331751137628 -0.906780191244411
-0.883145998724906 -0.876454400666168
-0.808972592125947 -0.910067144289658
-0.826966419219067 -0.878097877188793
1.17121209317253 -1.23033808041057
1.21612960152695 -1.20286331700275
1.23565638105755 -1.11802743979815
1.24835174546945 -1.14670799669654
1.32168482824528 -1.23419342789392
1.29136596906332 -1.20479099074443
1.32128478543181 -1.11860333357637
1.29116594765659 -1.14699594358565
-0.750755483844953 -0.811249303386863
-0.79785786507857 -0.828688956737394
-1.3444598692632 -0.615500167686723
-1.39178094306748 -0.660663343612668
-1.35644683811727 -0.78202686143366
-1.39777442749452 -0.743926690486137
-1.50740668190779 -0.625695932332338
-1.47325434938978 -0.665761225935478
-1.54368202569108 -0.78958547361267
-1.49139202128143 -0.747705996575644
-0.617957068484242 -1.41659643375139
-0.592298312669245 -1.38988267889972
-0.48514625973908 -1.37892950815002
-0.525892908296663 -1.37104921609904
-0.602103376594543 -1.29355054944457
-0.584371466724394 -1.32835973674631
0.490479519337657 -1.54769288335747
0.483340417320336 -1.48042243306586
0.283528644038652 -1.43403141476738
0.379864979670832 -1.42359169877081
0.405161502305599 -1.27301479372818
0.440681408804305 -1.34308338825121
0.656692810002845 -1.4163349421398
0.566447062652931 -1.41474346245702
1.17656097397532 1
1.09252090440592 1
1.00848083483644 1
0.924440765266956 1
0.84040069569739 1
0.756360626127763 1
0.672320556558135 1
0.588280486988446 1
0.504240417418715 1
0.420200347848984 1
0.336160278279212 1
0.252120208709419 1
0.168080139139627 1
0.0840400695698133 1
1.70173697030069 0.942477142905738
1.63597932415118 0.942123812511679
1.57022167800173 0.94177048211762
1.52873140820801 0.941547545710461
1.48724113841433 0.941324609303301
1.44575086862066 0.941101672896141
1.41957227816988 0.940961009532692
1.39339368771912 0.940820346169243
1.36721509726836 0.940679682805793
1.35069752335531 0.940590930223525
1.33417994944227 0.940502177641258
1.31766237552923 0.94041342505899
1.30724049095581 0.940357425965367
1.29681860638238 0.940301426871743
1.28639672180896 0.94024542777812
1.2006369403551 0.939784621481819
1.11487715890132 0.939323815185518
1.02911737744756 0.938863008889217
0.943357595993797 0.938402202592916
0.857597814540056 0.937941396296615
0.771838033086282 0.937480590000314
0.686078251632508 0.937019783704014
0.600318470178702 0.936558977407713
0.51455868872481 0.936098171111412
0.428798907270918 0.935637364815111
0.343039125816939 0.93517655851881
0.257279344362822 0.934715752222509
0.171519562908705 0.934254945926208
0.0857597814544487 0.933794139629907
1.73244961600972 0.882211142939755
1.66550518757594 0.881610481269855
1.59856075914223 0.881009819599954
1.55632168034995 0.880630827707783
1.5140826015577 0.880251835815611
1.47184352276548 0.87987284392344
1.44519246577745 0.879633716205576
1.41854140878942 0.879394588487712
1.39189035180141 0.879155460769848
1.37507467165666 0.879004581379993
1.35825899151192 0.878853701990138
1.34144331136718 0.878702822600283
1.33083333447742 0.878607624141123
1.32022335758767 0.878512425681963
1.30961338069792 0.878417227222803
1.2223058219848 0.877633856519092
1.13499826327174 0.87685048581538
1.04769070455871 0.876067115111669
0.960383145845681 0.875283744407958
0.87307558713267 0.874500373704246
0.785768028419627 0.873717003000534
0.698460469706584 0.872933632296823
0.611152910993509 0.872150261593111
0.523845352280351 0.8713668908894
0.436537793567194 0.870583520185688
0.349230234853953 0.869800149481977
0.261922676140579 0.869016778778265
0.174615117427204 0.868233408074554
0.0873075587136948 0.867450037370842
1.75974974552886 0.819750628676394
1.69175039950906 0.818987435025227
1.62375105348934 0.818224241374059
1.58084636669834 0.817742698734594
1.53794167990737 0.81726115609513
1.49503699311643 0.816779613455665
1.46796596587306 0.816475780590614
1.4408949386297 0.816171947725563
1.41382391138635 0.815868114860513
1.39674324792453 0.815676409282814
1.37966258446272 0.815484703705116
1.36258192100091 0.815292998127418
1.35180475094108 0.815172040085192
1.34102758088126 0.815051082042965
1.33025041082144 0.814930124000738
1.24156705010008 0.813934782400729
1.15288368937879 0.812939440800719
1.06420032865752 0.811944099200709
0.975516967936245 0.810948757600699
0.886833607214992 0.809953416000689
0.798150246493709 0.808958074400679
0.709466885772425 0.807962732800669
0.620783525051112 0.806967391200659
0.532100164329718 0.805972049600649
0.443416803608324 0.804976708000639
0.354733442886851 0.803981366400629
0.266050082165248 0.802986024800619
0.177366721443644 0.801990683200609
0.0886833607219118 0.800995341600599
1.787049875048 0.757290114413034
1.71799561144219 0.756364388780599
1.64894134783644 0.755438663148164
1.60537105304673 0.754854569761406
1.56180075825704 0.754270476374648
1.51823046346738 0.75368638298789
1.49073946596867 0.753317844975652
1.46324846846997 0.752949306963415
1.43575747097128 0.752580768951177
1.4184118241924 0.752348237185636
1.40106617741352 0.752115705420095
1.38372053063464 0.751883173654553
1.37277616740474 0.75173645602926
1.36183180417485 0.751589738403967
1.35088744094496 0.751443020778674
1.26082827821536 0.750235708282365
1.17076911548583 0.749028395786057
1.08070995275632 0.747821083289749
0.990650790026808 0.74661377079344
0.900591627297314 0.745406458297132
0.810532464567791 0.744199145800823
0.720473301838267 0.742991833304515
0.630414139108714 0.741784520808207
0.540354976379085 0.740577208311898
0.450295813649455 0.73936989581559
0.360236650919748 0.738162583319282
0.270177488189917 0.736955270822973
0.180118325460085 0.735747958326665
0.0900591627301287 0.734540645830356
1.81093748837725 0.692635085852296
1.74096017188367 0.691631627533169
1.67098285539017 0.690628169214041
1.62683015360157 0.689995029817708
1.58267745181301 0.689361890421374
1.53852475002446 0.688728751025041
1.51066627855233 0.688329267072844
1.48280780708022 0.687929783120648
1.45494933560811 0.687530299168452
1.43737182842679 0.687278241834812
1.41979432124547 0.687026184501171
1.40221681406415 0.686774127167531
1.39112615681045 0.686615089741641
1.38003549955675 0.68645605231575
1.36894484230305 0.68629701488986
1.27768185281624 0.684988325008365
1.1864188633295 0.683679635126871
1.09515587384277 0.682370945245376
1.00389288435605 0.681062255363882
0.912629894869344 0.679753565482387
0.82136690538261 0.678444875600893
0.730103915895875 0.677136185719398
0.638840926409113 0.675827495837903
0.547577936922276 0.674518805956409
0.456314947435439 0.673210116074914
0.365051957948529 0.67190142619342
0.273788968461498 0.670592736311925
0.182525978974467 0.669284046430431
0.0912629894873165 0.667975356548936
1.8314125855166 0.626334171568526
1.76064408083352 0.625316580033636
1.6898755761505 0.624298988498746
1.64522366836287 0.623656931646126
1.60057176057526 0.623014874793506
1.55591985278768 0.622372817940886
1.52774640362405 0.621967707454152
1.49957295446043 0.621562596967418
1.47139950529681 0.621157486480684
1.45362326062769 0.620901879043753
1.43584701595857 0.620646271606822
1.41807077128946 0.620390664169891
1.4068547191582 0.620229386780255
1.39563866702695 0.62006810939062
1.38442261489569 0.619906832000985
1.29212777390271 0.618579709867638
1.19983293290978 0.617252587734291
1.10753809191688 0.615925465600945
1.01524325092397 0.614598343467598
0.922948409931082 0.613271221334252
0.830653568938166 0.611944099200905
0.73835872794525 0.610616977067559
0.646063886952306 0.609289854934212
0.553769045959292 0.607962732800865
0.461474204966278 0.606635610667519
0.369179363973192 0.605308488534172
0.276884522979991 0.603981366400826
0.184589681986791 0.602654244267479
0.092294840993475 0.601327122134132
1.85188768265596 0.560033257284756
1.78032798978337 0.559001532534103
1.70876829691084 0.557969807783451
1.66361718312417 0.557318833474544
1.61846606933752 0.556667859165638
1.5733149555509 0.556016884856732
1.54482652869576 0.55560614783546
1.51633810184064 0.555195410814188
1.48784967498552 0.554784673792915
1.4698746928286 0.554525516252694
1.45189971067168 0.554266358712472
1.43392472851476 0.55400720117225
1.42258328150595 0.55384368381887
1.41124183449714 0.55368016646549
1.39990038748834 0.55351664911211
1.30657369498917 0.552171094726911
1.21324700249007 0.550825540341712
1.11992030999098 0.549479985956514
1.02659361749189 0.548134431571315
0.93326692499282 0.546788877186116
0.839940232493722 0.545443322800918
0.746613539994624 0.544097768415719
0.6532868474955 0.54275221403052
0.559960154996308 0.541406659645322
0.466633462497116 0.540061105260123
0.373306769997856 0.538715550874925
0.279980077498485 0.537369996489726
0.186653384999115 0.536024442104527
0.0933266924996336 0.534678887719329
1.86895026360543 0.492086457277952
1.79673124724158 0.491104198782468
1.72451223087779 0.490121940286984
1.67894511209192 0.48950217707508
1.63337799330607 0.488882413863176
1.58781087452025 0.488262650651272
1.55905996625553 0.487871606500883
1.53030905799082 0.487480562350494
1.50155814972611 0.487089518200104
1.48341755299602 0.4868427860214
1.46527695626593 0.486596053842696
1.44713635953585 0.486349321663992
1.43569041679575 0.486193644183719
1.42424447405565 0.486037966703446
1.41279853131555 0.485882289223173
1.31861196256123 0.484601247719456
1.22442539380698 0.48332020621574
1.13023882505273 0.482039164712023
1.03605225629849 0.480758123208307
0.941865687544266 0.47947708170459
0.847679118790016 0.478196040200874
0.753492550035765 0.476914998697157
0.65930598128149 0.475633957193441
0.565119412527149 0.474352915689724
0.470932843772808 0.473071874186008
0.376746275018403 0.471790832682291
0.282559706263891 0.470509791178575
0.18837313750938 0.469228749674858
0.0941865687547629 0.467947708171142
1.882600328365 0.42304240012246
1.80985385320815 0.422152007529431
1.73710737805135 0.421261614936403
1.69120745526612 0.42069981519036
1.64530753248092 0.420138015444318
1.59940760969573 0.419576215698276
1.57044671630335 0.419221744022383
1.54148582291097 0.418867272346491
1.51252492951859 0.418512800670598
1.49425184112997 0.418289144163284
1.47597875274134 0.418065487655969
1.45770566435272 0.417841831148654
1.44617612502759 0.417700713432723
1.43464658570245 0.417559595716792
1.42311704637732 0.417418478000862
1.32824257661888 0.416257246134183
1.2333681068605 0.415096014267505
1.13849363710214 0.413934782400827
1.04361916734377 0.412773550534148
0.94874469758542 0.41161231866747
0.853870227827046 0.410451086800792
0.758995758068672 0.409289854934114
0.664121288310275 0.408128623067435
0.569246818551815 0.406967391200757
0.474372348793355 0.405806159334079
0.379497879034833 0.404644927467401
0.28462340927621 0.403483695600722
0.189748939517587 0.402322463734044
0.094874469758863 0.401161231867366
1.89625039312457 0.353998342966968
1.82297645917472 0.353199816276395
1.74970252522491 0.352401289585821
1.70346979844033 0.351897453305641
1.65723707165577 0.35139361702546
1.61100434487122 0.350889780745279
1.58183346635116 0.350571881543883
1.55266258783111 0.350253982342488
1.52349170931107 0.349936083141092
1.50508612926391 0.349735502305167
1.48668054921675 0.349534921469242
1.4682749691696 0.349334340633317
1.45666183325943 0.349207782681728
1.44504869734925 0.349081224730139
1.43343556143908 0.34895466677855
1.33787319067653 0.34791324454891
1.24231081991403 0.34687182231927
1.14674844915154 0.34583040008963
1.05118607838905 0.34478897785999
0.955623707626574 0.34374755563035
0.860061336864077 0.34270613340071
0.764498966101579 0.34166471117107
0.668936595339059 0.34062328894143
0.57337422457648 0.33958186671179
0.477811853813901 0.33854044448215
0.382249483051262 0.33749902225251
0.286687112288528 0.33645760002287
0.191124741525794 0.33541617779323
0.0955623707629632 0.33437475556359
1.90648794169426 0.283857028662788
1.83281841364965 0.283192767521957
1.75914888560509 0.282528506381126
1.71266655582099 0.282109385935665
1.66618422603691 0.281690265490205
1.61970189625284 0.281271145044745
1.59037352888703 0.28100669792146
1.56104516152123 0.280742250798175
1.53171679415544 0.280477803674891
1.51321184536437 0.280310948820227
1.49470689657331 0.280144093965564
1.47620194778226 0.279977239110901
1.46452611443331 0.279871960814889
1.45285028108436 0.279766682518877
1.44117444773542 0.279661404222865
1.34509615121977 0.278795088385819
1.24901785470417 0.277928772548774
1.15293955818859 0.277062456711728
1.05686126167301 0.276196140874682
0.960782965157436 0.275329825037636
0.864704668641845 0.274463509200591
0.768626372126253 0.273597193363545
0.67254807561064 0.272730877526499
0.576469779094971 0.271864561689454
0.480391482579301 0.270998245852408
0.384313186063576 0.270131930015362
0.288234889547759 0.269265614178317
0.192156593031942 0.268399298341271
0.0960782965160341 0.267532982504225
1.91331297407405 0.213167085784263
1.83937971663294 0.212658290016818
1.76544645919188 0.212149494249373
1.7187977274081 0.211828465823063
1.67214899562434 0.211507437396753
1.62550026384059 0.211186408970443
1.59606690391095 0.210983853727076
1.56663354398132 0.210781298483709
1.53720018405169 0.210578743240342
1.51862898943136 0.210450939521876
1.50005779481103 0.210323135803411
1.4814866001907 0.210195332084945
1.46976896854924 0.210114693390128
1.45805133690777 0.21003405469531
1.44633370526631 0.209953416000492
1.3499114582486 0.209289854933819
1.25348921123094 0.208626293867146
1.15706696421329 0.207962732800472
1.06064471719564 0.207299171733799
0.964222470178006 0.206635610667126
0.867800223160349 0.205972049600453
0.771377976142693 0.205308488533779
0.674955729125016 0.204644927467106
0.578533482107286 0.203981366400433
0.482111235089556 0.203317805333759
0.385688988071772 0.202654244267086
0.289266741053902 0.201990683200413
0.192844494036032 0.201327122133739
0.0964222470180758 0.200663561067066
1.92013800645384 0.142477142905738
1.84594101961623 0.142123812511679
1.77174403277867 0.14177048211762
1.72492889899521 0.14154754571046
1.67811376521177 0.141324609303301
1.63129863142835 0.141101672896141
1.60176027893487 0.140961009532692
1.5722219264414 0.140820346169242
1.54268357394793 0.140679682805793
1.52404613349834 0.140590930223525
1.50540869304874 0.140502177641257
1.48677125259915 0.14041342505899
1.47501182266517 0.140357425965366
1.46325239273119 0.140301426871743
1.4514929627972 0.14024542777812
1.35472676527743 0.139784621481819
1.25796056775771 0.139323815185518
1.16119437023799 0.138863008889217
1.06442817271828 0.138402202592916
0.967661975198576 0.137941396296615
0.870895777678854 0.137480590000314
0.774129580159133 0.137019783704013
0.677363382639392 0.136558977407712
0.580597185119601 0.136098171111412
0.48383098759981 0.135637364815111
0.387064790079968 0.13517655851881
0.290298592560045 0.134715752222509
0.193532395040122 0.134254945926208
0.0967661975201175 0.133794139629907
1.92355052264374 0.071238571452869
1.84922167110789 0.0710619062558394
1.77489281957208 0.0708852410588099
1.72799448478878 0.0707737728552301
1.6810961500055 0.0706623046516502
1.63419781522223 0.0705508364480704
1.60460696644684 0.0704805047663457
1.57501611767145 0.070410173084621
1.54542526889607 0.0703398414028963
1.52675470553184 0.0702954651117624
1.50808414216761 0.0702510888206286
1.48941357880338 0.0702067125294947
1.47763324972314 0.070178712982683
1.4658529206429 0.0701507134358713
1.45407259156266 0.0701227138890596
1.35713441879186 0.0698923107409092
1.26019624602109 0.0696619075927588
1.16325807325034 0.0694315044446083
1.06631990047959 0.0692011012964579
0.969381727708854 0.0689706981483074
0.872443554938096 0.068740295000157
0.775505382167339 0.0685098918520065
0.678567209396564 0.0682794887038561
0.581629036625741 0.0680490855557057
0.484690863854918 0.0678186824075552
0.387752691084048 0.0675882792594048
0.290814518313101 0.0673578761112544
0.193876345542154 0.0671274729631039
0.09693817277113 0.0668970698149535
1.92355052264375 -1.38777878078145e-16
1.8492216711079 -1.59594559789866e-16
1.77489281957209 -1.85121507851597e-16
1.7279944847888 -2.0122792321331e-16
1.68109615000552 -2.08166817117217e-16
1.63419781522225 -2.1667579980446e-16
1.60460696644686 -2.22044604925031e-16
1.57501611767147 -2.28983498828939e-16
1.54542526889609 -2.3323799017256e-16
1.52675470553186 -2.35922392732846e-16
1.50808414216763 -2.35922392732846e-16
1.4894135788034 -2.40176884076467e-16
1.47763324972316 -2.42861286636753e-16
1.46585292064292 -2.42861286636753e-16
1.45407259156268 -2.43613159153842e-16
1.35713441879187 -2.4980018054066e-16
1.2601962460211 -2.4980018054066e-16
1.16325807325034 -2.42861286636753e-16
1.06631990047959 -2.35922392732846e-16
0.96938172770884 -2.22044604925031e-16
0.872443554938076 -2.13370987545147e-16
0.775505382167312 -2.04697370165263e-16
0.678567209396531 -1.83880688453542e-16
0.581629036625706 -1.71737624121704e-16
0.48469086385488 -1.59594559789866e-16
0.387752691084011 -1.49186218934005e-16
0.290814518313069 -1.38777878078145e-16
0.193876345542127 -1.28369537222284e-16
0.0969381727711133 -1.21430643318376e-16
1.92355052264376 -0.0593654762107244
1.84922167110791 -0.0592182552131998
1.77489281957211 -0.0590710342156752
1.72799448478882 -0.0589781440460254
1.68109615000554 -0.0588852538763755
1.63419781522227 -0.0587923637067257
1.60460696644688 -0.0587337539719551
1.57501611767149 -0.0586751442371845
1.54542526889611 -0.0586165345024139
1.52675470553188 -0.0585795542598024
1.50808414216765 -0.0585425740171909
1.48941357880342 -0.0585055937745793
1.47763324972318 -0.0584822608189029
1.46585292064293 -0.0584589278632265
1.45407259156269 -0.0584355949075501
1.35713441879188 -0.0582435922840914
1.26019624602111 -0.0580515896606327
1.16325807325035 -0.057859587037174
1.06631990047958 -0.0576675844137153
0.969381727708828 -0.0574755817902566
0.872443554938058 -0.0572835791667978
0.775505382167289 -0.0570915765433391
0.678567209396504 -0.0568995739198804
0.581629036625676 -0.0567075712964217
0.484690863854849 -0.056515568672963
0.38775269108398 -0.0563235660495042
0.290814518313042 -0.0561315634260455
0.193876345542105 -0.0559395608025868
0.0969381727710994 -0.0557475581791281
1.92118071973412 -0.118730952421449
1.8469434409054 -0.118436510426399
1.77270616207672 -0.11814206843135
1.72586560576554 -0.117956288092051
1.67902504945437 -0.117770507752751
1.63218449314322 -0.117584727413451
1.60263010011915 -0.11746750794391
1.5730757070951 -0.117350288474369
1.54352131407104 -0.117233069004828
1.52487375273086 -0.117159108519605
1.50622619139068 -0.117085148034382
1.48757863005051 -0.117011187549158
1.47581281426628 -0.116964521637806
1.46404699848205 -0.116917855726453
1.45228118269782 -0.1168711898151
1.35546243718467 -0.116487184568183
1.25864369167155 -0.116103179321265
1.16182494615844 -0.115719174074348
1.06500620064533 -0.11533516882743
0.968187455132224 -0.114951163580513
0.871368709619109 -0.114567158333595
0.774549964105993 -0.114183153086678
0.677731218592862 -0.113799147839761
0.580912473079692 -0.113415142592843
0.484093727566522 -0.113031137345926
0.387274982053312 -0.112647132099008
0.290456236540038 -0.112263126852091
0.193637491026764 -0.111879121605173
0.0968187455134263 -0.111495116358256
1.91644111391483 -0.177778935244242
1.84238698050036 -0.177349540668129
1.76833284708592 -0.176920146092015
1.72160784771896 -0.176649216430537
1.67488284835202 -0.176378286769058
1.62815784898509 -0.176107357107579
1.59867636746369 -0.175936412047832
1.56919488594229 -0.175765466988084
1.5397134044209 -0.175594521928337
1.52111184712882 -0.175486662887386
1.50251028983675 -0.175378803846436
1.48390873254467 -0.175270944805486
1.47217194335247 -0.175202890351429
1.46043515416026 -0.175134835897373
1.44869836496806 -0.175066781443317
1.35211847397022 -0.174506773791562
1.25553858297241 -0.173946766139808
1.15895869197462 -0.173386758488053
1.06237880097682 -0.172826750836299
0.965798909979029 -0.172266743184544
0.869219018981227 -0.17170673553279
0.772639127983424 -0.171146727881035
0.676059236985607 -0.17058672022928
0.579479345987753 -0.170026712577526
0.482899454989899 -0.169466704925771
0.386319563992007 -0.168906697274017
0.289739672994056 -0.168346689622262
0.193159781996105 -0.167786681970508
0.0965798909980941 -0.167226674318753
1.91170150809555 -0.236826918067036
1.83783052009532 -0.236262570909858
1.76395953209512 -0.23569822375268
1.71735008967239 -0.235342144769023
1.67074064724967 -0.234986065785365
1.62413120482696 -0.234629986801707
1.59472263480822 -0.234405316151753
1.56531406478949 -0.234180645501799
1.53590549477076 -0.233955974851845
1.51734994152678 -0.233814217255168
1.49879438828281 -0.23367245965849
1.48023883503883 -0.233530702061813
1.46853107243865 -0.233441259065053
1.45682330983848 -0.233351816068294
1.4451155472383 -0.233262373071534
1.34877451075578 -0.232526363014942
1.25243347427328 -0.231790352958351
1.1560924377908 -0.231054342901759
1.05975140130831 -0.230318332845167
0.963410364825834 -0.229582322788575
0.867069328343344 -0.228846312731984
0.770728291860854 -0.228110302675392
0.674387255378351 -0.2273742926188
0.578046218895813 -0.226638282562209
0.481705182413275 -0.225902272505617
0.385364145930703 -0.225166262449025
0.289023109448075 -0.224430252392433
0.192682072965446 -0.223694242335842
0.0963410364827618 -0.22295823227925
1.90459209936662 -0.295557407501898
1.83099582948775 -0.294870376180117
1.75739955960891 -0.294183344858335
1.71096345260252 -0.29374985739997
1.66452734559613 -0.293316369941604
1.61809123858975 -0.292882882483238
1.58879203582501 -0.292609370387642
1.55949283306027 -0.292335858292046
1.53019363029554 -0.292062346196449
1.51170708312371 -0.291889771730929
1.49322053595189 -0.291717197265408
1.47473398878007 -0.291544622799888
1.46306976606793 -0.291435735673398
1.45140554335579 -0.291326848546908
1.43974132064365 -0.291217961420418
1.3437585659341 -0.290321949177611
1.24777581122458 -0.289425936934804
1.15179305651507 -0.288529924691996
1.05581030180555 -0.287633912449189
0.959827547096048 -0.286737900206382
0.86384479238653 -0.285841887963574
0.767862037677011 -0.284945875720767
0.671879282967481 -0.28404986347796
0.575896528257919 -0.283153851235152
0.479913773548356 -0.282257838992345
0.383931018838762 -0.281361826749538
0.287948264129115 -0.28046581450673
0.191965509419469 -0.279569802263923
0.0959827547097704 -0.278673790021116
1.89511288772804 -0.3536529101609
1.82188290867766 -0.352867731507435
1.7486529296273 -0.352082552853971
1.70244793650935 -0.351587138615838
1.65624294339141 -0.351091724377706
1.61003795027348 -0.350596310139573
1.58088457051406 -0.350283724887463
1.55173119075465 -0.349971139635354
1.52257781099524 -0.349658554383244
1.50418327191962 -0.349461326422649
1.485788732844 -0.349264098462054
1.46739419376838 -0.349066870501459
1.45578802424029 -0.348942428071185
1.4441818547122 -0.348817985640911
1.43257568518412 -0.348693543210637
1.3370706395052 -0.347669529218857
1.24156559382631 -0.346645515227077
1.14606054814743 -0.345621501235297
1.05055550246854 -0.344597487243518
0.955050456789669 -0.343573473251738
0.859545411110782 -0.342549459259958
0.764040365431895 -0.341525445268178
0.668535319752997 -0.340501431276398
0.573030274074069 -0.339477417284619
0.477525228395142 -0.338453403292839
0.382020182716184 -0.337429389301059
0.286515137037179 -0.336405375309279
0.191010091358173 -0.335381361317499
0.0955050456791198 -0.33435734732572
1.88563367608946 -0.411748412819901
1.81276998786756 -0.410865086834754
1.73990629964569 -0.409981760849606
1.69393242041618 -0.409424419831707
1.64795854118669 -0.408867078813808
1.6019846619572 -0.408309737795909
1.57297710520311 -0.407958079387285
1.54396954844902 -0.407606420978662
1.51496199169494 -0.407254762570038
1.49665946071552 -0.407032881114369
1.47835692973611 -0.4068109996587
1.46005439875669 -0.40658911820303
1.44850628241265 -0.406449120468972
1.43695816606862 -0.406309122734914
1.42541004972458 -0.406169125000855
1.3303827130763 -0.405017109260103
1.23535537642804 -0.403865093519351
1.14032803977979 -0.402713077778598
1.04530070313154 -0.401561062037846
0.950273366483291 -0.400409046297094
0.855246029835035 -0.399257030556342
0.760218693186779 -0.398105014815589
0.665191356538513 -0.396952999074837
0.57016401989022 -0.395800983334085
0.475136683241927 -0.394648967593333
0.380109346593606 -0.39349695185258
0.285082009945242 -0.392344936111828
0.190054673296878 -0.391192920371076
0.0950273366484692 -0.390040904630323
1.87378466154123 -0.469208928703041
1.80137883685494 -0.468251992219131
1.72897301216867 -0.467295055735221
1.68328802529972 -0.466691269632497
1.63760303843078 -0.466087483529773
1.59191805156185 -0.465483697427049
1.56309277356441 -0.46510273415104
1.53426749556698 -0.464721770875032
1.50544221756956 -0.464340807599023
1.48725469671039 -0.464100436022048
1.46906717585123 -0.463860064445073
1.45087965499208 -0.463619692868098
1.4394041051281 -0.463468028656201
1.42792855526413 -0.463316364444304
1.41645300540016 -0.463164700232408
1.32202280504017 -0.461916683179926
1.2275926046802 -0.460668666127445
1.13316240432024 -0.459420649074963
1.03873220396028 -0.458172632022481
0.94430200360032 -0.45692461497
0.849871803240355 -0.455676597917518
0.75544160288039 -0.454428580865037
0.661011402520415 -0.453180563812555
0.566581202160416 -0.451932546760073
0.472151001800416 -0.450684529707592
0.377720801440392 -0.44943651265511
0.283290601080328 -0.448188495602628
0.188860400720264 -0.446940478550147
0.0944302003601595 -0.445692461497665
1.85956584408336 -0.525716964422389
1.78770945563979 -0.524723222689098
1.71585306719624 -0.523729480955807
1.67051475115996 -0.52310247231067
1.62517643512369 -0.522475463665534
1.57983811908742 -0.521848455020397
1.55123157559798 -0.521452839310696
1.52262503210854 -0.521057223600994
1.4940184886191 -0.520661607891293
1.47596897990424 -0.520411991253665
1.45791947118939 -0.520162374616037
1.43986996247453 -0.519912757978409
1.42848149238664 -0.519755260527593
1.41709302229874 -0.519597763076778
1.40570455221085 -0.519440265625962
1.31199091539681 -0.518144247917616
1.21827727858279 -0.516848230209269
1.12456364176878 -0.515552212500923
1.03085000495477 -0.514256194792577
0.937136368140759 -0.512960177084231
0.843422731326743 -0.511664159375884
0.749709094512727 -0.510368141667538
0.655995457698703 -0.509072123959192
0.562281820884656 -0.507776106250845
0.46856818407061 -0.506480088542499
0.374854547256541 -0.505184070834153
0.281140910442436 -0.503888053125807
0.187427273628331 -0.50259203541746
0.0937136368141905 -0.501296017709114
1.84534702662549 -0.582225000141737
1.77404007442464 -0.581194453159064
1.70273312222381 -0.580163906176392
1.6577414770202 -0.579513674988843
1.6127498318166 -0.578863443801294
1.567758186613 -0.578213212613745
1.53937037763154 -0.577802944470351
1.51098256865009 -0.577392676326957
1.48259475966863 -0.576982408183563
1.46468326309809 -0.576723546485282
1.44677176652754 -0.576464684787001
1.42886026995699 -0.576205823088721
1.41755887964517 -0.576042492398986
1.40625748933335 -0.575879161709251
1.39495609902154 -0.575715831019516
1.30195902575345 -0.574371812655305
1.20896195248538 -0.573027794291094
1.11596487921732 -0.571683775926883
1.02296780594926 -0.570339757562672
0.929970732681197 -0.568995739198461
0.83697365941313 -0.56765172083425
0.743976586145064 -0.566307702470039
0.65097951287699 -0.564963684105828
0.557982439608897 -0.563619665741617
0.464985366340803 -0.562275647377406
0.37198829307269 -0.560931629013195
0.278991219804544 -0.559587610648984
0.185994146536399 -0.558243592284773
0.0929970732682216 -0.556899573920562
1.82875840625797 -0.637780555697292
1.75809246300697 -0.63675000871462
1.68742651975598 -0.635719461731948
1.64283932385715 -0.635069230544399
1.59825212795832 -0.63441899935685
1.5536649320595 -0.633768768169301
1.52553231333736 -0.633358500025907
1.49739969461523 -0.632948231882513
1.4692670758931 -0.632537963739119
1.4515165934909 -0.632279102040838
1.43376611108871 -0.632020240342557
1.41601562868652 -0.631761378644276
1.40481583144679 -0.631598047954541
1.39361603420707 -0.631434717264807
1.38241623696734 -0.631271386575072
1.29025515450286 -0.629927368210861
1.1980940720384 -0.62858334984665
1.10593298957395 -0.627239331482439
1.01377190710949 -0.625895313118228
0.921610824645043 -0.624551294754017
0.829449742180585 -0.623207276389806
0.737288659716128 -0.621863258025595
0.645127577251664 -0.620519239661384
0.552966494787182 -0.619175221297173
0.460805412322701 -0.617831202932962
0.368644329858202 -0.616487184568751
0.276483247393675 -0.61514316620454
0.184322164929148 -0.613799147840329
0.0921610824645935 -0.612455129476118
1.80979998298081 -0.692066137701125
1.73986662138676 -0.691084664384294
1.66993325979274 -0.690103191067463
1.6258082916708 -0.689483923269798
1.58168332354886 -0.688864655472132
1.53755835542693 -0.688245387674466
1.50971738271544 -0.687854656109329
1.48187641000396 -0.687463924544192
1.45403543729248 -0.687073192979055
1.43646897108269 -0.686826658028311
1.41890250487291 -0.686580123077567
1.40133603866313 -0.686333588126824
1.3902523477915 -0.686178035088981
1.37916865691988 -0.686022482051138
1.36808496604825 -0.685866929013296
1.27687930164505 -0.684586911523571
1.18567363724186 -0.683306894033846
1.09446797283867 -0.682026876544122
1.00326230843548 -0.680746859054397
0.912056644032298 -0.679466841564672
0.820850979629108 -0.678186824074947
0.729645315225918 -0.676906806585223
0.638439650822723 -0.675626789095498
0.547233986419513 -0.674346771605773
0.456028322016302 -0.673066754116048
0.364822657613077 -0.671786736626324
0.273616993209828 -0.670506719136599
0.182411328806579 -0.669226701646874
0.0912056644033062 -0.667946684157149
1.79084155970364 -0.746351719704957
1.72164077976656 -0.745419320053968
1.6524399998295 -0.744486920402979
1.60877725948445 -0.743898615995197
1.5651145191394 -0.743310311587414
1.52145177879436 -0.742722007179632
1.49390245209352 -0.742350812192752
1.46635312539269 -0.741979617205871
1.43880379869186 -0.741608422218991
1.42142134867448 -0.741374214015784
1.40403889865711 -0.741140005812578
1.38665644863973 -0.740905797609372
1.37568886413621 -0.740758022223421
1.36472127963269 -0.74061024683747
1.35375369512917 -0.74046247145152
1.26350344878723 -0.739246454836281
1.17325320244531 -0.738030438221043
1.08300295610339 -0.736814421605804
0.99275270976147 -0.735598404990566
0.902502463419553 -0.734382388375327
0.812252217077631 -0.733166371760089
0.722001970735709 -0.73195035514485
0.631751724393782 -0.730734338529612
0.541501478051843 -0.729518321914373
0.451251231709904 -0.728302305299135
0.361000985367953 -0.727086288683896
0.270750739025982 -0.725870272068658
0.18050049268401 -0.724654255453419
0.090250246342019 -0.723438238838181
1.76951333351683 -0.799367328157067
1.70113670794383 -0.798533075837761
1.63276008237085 -0.797698823518455
1.5896173482748 -0.797172445890439
1.54647461417875 -0.796646068262423
1.50333188008271 -0.796119690634407
1.47611065514386 -0.795787568804041
1.44888943020501 -0.795455446973674
1.42166820526616 -0.795123325143308
1.40449277346524 -0.794913770435176
1.38731734166433 -0.794704215727043
1.37014190986341 -0.794494661018911
1.35930494502401 -0.794362440936745
1.3484679801846 -0.794230220854579
1.33763101534519 -0.794098000772413
1.24845561432219 -0.793009985906147
1.15928021329919 -0.79192197103988
1.0701048122762 -0.790833956173614
0.980929411253207 -0.789745941307348
0.891754010230216 -0.788657926441082
0.802578609207221 -0.787569911574816
0.713403208184226 -0.78648189670855
0.624227807161227 -0.785393881842284
0.535052406138219 -0.784305866976018
0.44587700511521 -0.783217852109752
0.356701604092192 -0.782129837243486
0.267526203069157 -0.78104182237722
0.178350802046123 -0.779953807510954
0.0891754010230726 -0.778865792644688
1.74581530442037 -0.850795469669523
1.67835440591858 -0.850120706764202
1.61089350741679 -0.849445943858881
1.56832855804186 -0.849020197247986
1.52576360866692 -0.848594450637091
1.483198659292 -0.848168704026196
1.45634199186646 -0.847900076075164
1.42948532444092 -0.847631448124132
1.40262865701538 -0.8473628201731
1.38568324545497 -0.847193327394464
1.36873783389457 -0.847023834615828
1.35179242233416 -0.846854341837191
1.34110059045489 -0.846747399123674
1.33040875857561 -0.846640456410158
1.31971692669633 -0.846533513696641
1.23173579824992 -0.845653501672455
1.14375466980351 -0.844773489648269
1.0557735413571 -0.843893477624084
0.967792412910693 -0.843013465599898
0.879811284464287 -0.842133453575712
0.791830156017878 -0.841253441551526
0.70384902757147 -0.840373429527341
0.615867899125058 -0.839493417503155
0.527886770678639 -0.838613405478969
0.43990564223222 -0.837733393454783
0.351924513785794 -0.836853381430598
0.263943385339356 -0.835973369406412
0.175962256892917 -0.835093357382226
0.087981128446467 -0.83421334535804
1.72211727532391 -0.902223611181979
1.65557210389332 -0.901708337690643
1.58902693246274 -0.901193064199307
1.54703976780891 -0.900867948605533
1.50505260315509 -0.900542833011758
1.46306543850128 -0.900217717417984
1.43657332858905 -0.900012583346287
1.41008121867683 -0.89980744927459
1.3835891087646 -0.899602315202892
1.36687371744471 -0.899472884353752
1.35015832612481 -0.899343453504612
1.33344293480492 -0.899214022655471
1.32289623588577 -0.899132357310604
1.31234953696662 -0.899050691965737
1.30180283804747 -0.898969026620869
1.21501598217765 -0.898297017438764
1.12822912630782 -0.897625008256658
1.041442270438 -0.896952999074553
0.954655414568179 -0.896280989892447
0.867868558698359 -0.895608980710342
0.781081702828536 -0.894936971528236
0.694294846958714 -0.894264962346131
0.607507991088889 -0.893592953164025
0.52072113521906 -0.89292094398192
0.43393427934923 -0.892248934799814
0.347147423479396 -0.891576925617709
0.260360567609554 -0.890904916435603
0.173573711739712 -0.890232907253498
0.0867868558698614 -0.889560898071392
1.69604944331781 -0.952064285754782
1.63051157166554 -0.951769843759733
1.56497370001327 -0.951475401764683
1.52362209855268 -0.951289621425384
1.48227049709208 -0.951103841086084
1.44091889563148 -0.950918060746784
1.4148277989839 -0.950800841277243
1.38873670233632 -0.950683621807702
1.36264560568874 -0.950566402338161
1.34618323663341 -0.950492441852938
1.32972086757808 -0.950418481367715
1.31325849852274 -0.950344520882492
1.30287144585974 -0.950297854971139
1.29248439319673 -0.950251189059786
1.28209734053373 -0.950204523148433
1.19662418449815 -0.949820517901516
1.11115102846257 -0.949436512654598
1.02567787242699 -0.949052507407681
0.940204716391415 -0.948668502160763
0.854731560355839 -0.948284496913846
0.769258404320261 -0.947900491666929
0.683785248284684 -0.947516486420011
0.598312092249106 -0.947132481173094
0.512838936213525 -0.946748475926176
0.427365780177945 -0.946364470679259
0.341892624142362 -0.945980465432341
0.256419468106775 -0.945596460185424
0.170946312071188 -0.945212454938507
0.0854731560355966 -0.944828449691589
1.84191146256864 0.942513901967582
1.87274757629549 0.882273633344889
1.9001574551638 0.819830028249977
1.92756733403211 0.757386423155064
1.95155097804188 0.692739481587932
1.97210838719311 0.626440037666635
1.99266579634435 0.560140593745339
2.00979697063704 0.492188647469877
2.0235019100712 0.423135032958306
2.03720684950535 0.354081418446735
2.04748555408097 0.283926135699054
2.05433802379804 0.213220018833318
2.06119049351512 0.142513901967582
2.06461672837366 0.0712569509837908
2.06461672837366 -1.38777878078145e-16
2.06461672837366 -0.0593807924864925
2.06223739861079 -0.118761584972985
2.05747873908504 -0.177823607715233
2.05272007955929 -0.23688563045748
2.04558209027067 -0.295628883455483
2.03606477121917 -0.353734596964997
2.02654745216768 -0.41184031047451
2.0146508033533 -0.469308484495534
2.00037482477606 -0.525820349283824
1.98609884619881 -0.582332214072114
1.96944353785869 -0.637887769627669
1.9504088997557 -0.692168246206246
1.93137426165271 -0.746448722784822
1.90996029378684 -0.79945412038642
1.8861669961581 -0.850865669266794
1.86237369852936 -0.902277218147168
1.83620107113774 -0.952094918306318
1.91632830868696 0.942197330635366
1.94610110814737 0.881735462080123
1.97256581877884 0.819146234172391
1.99903052941031 0.75655700626466
2.02218715121285 0.69184041900444
2.04203568418645 0.625528312229855
2.06188421716006 0.55921620545527
2.07842466130473 0.491308579166318
2.09165701662046 0.422337273201123
2.1048893719362 0.353365967235928
2.114813638423 0.283330981594489
2.12142981608087 0.212764156114927
2.12804599373874 0.142197330635366
2.13135408256767 0.071098665317683
2.13135408256767 -1.80411241501588e-16
2.13135408256767 -0.0592488877647361
2.12905679865869 -0.118497775529472
2.12446223084073 -0.17743888561011
2.11986766302276 -0.236379995690747
2.11297581129582 -0.295013328087287
2.10378667565989 -0.353031105115629
2.09459754002396 -0.411048882143972
2.08311112047905 -0.468451103804117
2.06932741702516 -0.524929992411968
2.05554371357127 -0.581408881019818
2.03946272620839 -0.636964436575374
2.02108445493654 -0.691288881394536
2.00270618366468 -0.745613326213698
1.98203062848385 -0.798706660296467
1.95905778939403 -0.850261105958743
1.93608495030421 -0.90181555162102
1.9108148273054 -0.951831108862805
1.99074515480528 0.941880759303151
2.01945463999925 0.881197290815356
2.04497418239388 0.818462440094806
2.07049372478851 0.755727589374255
2.09282332438382 0.690941356420948
2.11196298117979 0.624616586793074
2.13110263797577 0.5582918171652
2.14705235197242 0.490428510862759
2.15981212316973 0.42153951344394
2.17257189436705 0.352650516025121
2.18214172276504 0.282735827489924
2.1885216083637 0.212308293396537
2.19490149396236 0.141880759303151
2.19809143676168 0.0709403796515753
2.19809143676168 -1.94289029309402e-16
2.19809143676168 -0.0591169830429797
2.1958761987066 -0.118233966085959
2.19144572259642 -0.177054163504987
2.18701524648624 -0.235874360924014
2.18036953232097 -0.29439777271909
2.17150858010061 -0.352327613266261
2.16264762788025 -0.410257453813433
2.1515714376048 -0.4675937231127
2.13828000927426 -0.524039635540112
2.12498858094372 -0.580485547967523
2.10948191455809 -0.636041103523079
2.09176001011738 -0.690409516582826
2.07403810567666 -0.744777929642574
2.05410096318085 -0.797959200206514
2.03194858262995 -0.849656542650693
2.00979620207906 -0.901353885094873
1.98542858347307 -0.951567299419292
2.06516200092361 0.941564187970935
2.09280817185113 0.88065911955059
2.11738254600892 0.81777864601722
2.14195692016672 0.75489817248385
2.16345949755479 0.690042293837456
2.18189027817313 0.623704861356294
2.20032105879148 0.557367428875131
2.2156800426401 0.4895484425592
2.227967229719 0.420741753686757
2.2402544167979 0.351935064814314
2.24946980710707 0.282140673385358
2.25561340064652 0.211852430678147
2.26175699418597 0.141564187970935
2.2648287909557 0.0707820939854675
2.2648287909557 -2.08166817117217e-16
2.2648287909557 -0.0589850783212233
2.2626955987545 -0.117970156642446
2.2584292143521 -0.176669441399864
2.25416282994971 -0.235368726157281
2.24776325334612 -0.293782217350893
2.23923048454133 -0.351624121416894
2.23069771573654 -0.409466025482894
2.22003175473055 -0.466736342421284
2.20723260152336 -0.523149278668256
2.19443344831618 -0.579562214915228
2.1795011029078 -0.635117770470784
2.16243556529821 -0.689530151771117
2.14537002768863 -0.74394253307145
2.12617129787786 -0.79721174011656
2.10483937586588 -0.849051979342643
2.0835074538539 -0.900892218568725
2.06004233964073 -0.95130348997578
2.13957884704193 0.94124761663872
2.166161703703 0.880120948285824
2.18979090962396 0.817094851939635
2.21342011554492 0.754068755593446
2.23409567072576 0.689143231253964
2.25181757516648 0.622793135919513
2.26953947960719 0.556443040585062
2.28430773330779 0.488668374255641
2.29612233626827 0.419943993929574
2.30793693922875 0.351219613603507
2.31679789144911 0.281545519280793
2.32270519292935 0.211396567959757
2.32861249440959 0.14124761663872
2.33156614514971 0.0706238083193598
2.33156614514971 -2.15105711021124e-16
2.33156614514971 -0.0588531735994668
2.3295149988024 -0.117706347198933
2.32541270610779 -0.176284719294741
2.32131041341318 -0.234863091390548
2.31515697437127 -0.293166661982696
2.30695238898204 -0.350920629567526
2.29874780359282 -0.408674597152356
2.2884920718563 -0.465878961729867
2.27618519377246 -0.5222589217964
2.26387831568863 -0.578638881862933
2.24952029125749 -0.634194437418489
2.23311112047905 -0.688650786959407
2.21670194970061 -0.743107136500326
2.19824163257486 -0.796464280026607
2.17773016910181 -0.848447416034593
2.15721870562875 -0.900430552042578
2.1346560958084 -0.951039680532267
2.21399569316025 0.940931045306504
2.23951523555488 0.879582777021057
2.262199273239 0.816411057862049
2.28488331092312 0.753239338703041
2.30473184389673 0.688244168670473
2.32174487215982 0.621881410482733
2.33875790042291 0.555518652294993
2.35293542397548 0.487788305952082
2.36427744281754 0.419146234172391
2.3756194616596 0.3505041623927
2.38412597579114 0.280950365176228
2.38979698521217 0.210940705241366
2.3954679946332 0.140931045306504
2.39830349934372 0.070465522653252
2.39830349934372 -2.15105711021124e-16
2.39830349934372 -0.0587212688777104
2.39633439885031 -0.117442537755421
2.39239619786348 -0.175899997189618
2.38845799687665 -0.234357456623815
2.38255069539642 -0.2925511066145
2.37467429342276 -0.350217137718158
2.36679789144911 -0.407883168821817
2.35695238898204 -0.46502158103845
2.34513778602157 -0.521368564924544
2.33332318306109 -0.577715548810638
2.3195394796072 -0.633271104366194
2.30378667565989 -0.687771422147698
2.28803387171258 -0.742271739929202
2.27031196727187 -0.795716819936654
2.25062096233774 -0.847842852726542
2.2309299574036 -0.89996888551643
2.20926985197606 -0.950775871088754
2.28841253927857 0.940614473974289
2.31286876740676 0.879044605756291
2.33460763685404 0.815727263784464
2.35634650630133 0.752409921812637
2.3753680170677 0.687345106086981
2.39167216915316 0.620969685045952
2.40797632123862 0.554594264004924
2.42156311464317 0.486908237648523
2.43243254936681 0.418348474415208
2.44330198409045 0.349788711181893
2.45145406013318 0.280355211071663
2.456888777495 0.210484842522976
2.46232349485682 0.140614473974289
2.46504085353773 0.0703072369871443
2.46504085353773 -2.15105711021124e-16
2.46504085353773 -0.0585893641559539
2.46315379889821 -0.117178728311908
2.45937968961917 -0.175515275084495
2.45560558034013 -0.233851821857082
2.44994441642156 -0.291935551246303
2.44239619786348 -0.34951364586879
2.4348479793054 -0.407091740491278
2.42541270610779 -0.464164200347033
2.41409037827067 -0.520478208052688
2.40276805043354 -0.576792215758343
2.3895586679569 -0.632347771313899
2.37446223084073 -0.686892057335988
2.35936579372456 -0.741436343358078
2.34238230196887 -0.794969359846701
2.32351175557366 -0.847238289418492
2.30464120917845 -0.899507218990283
2.28388360814372 -0.950512061645241
2.3628293853969 0.940297902642073
2.38622229925864 0.878506434491525
2.40701600046909 0.815043469706879
2.42780970167953 0.751580504922232
2.44600419023867 0.686446043503489
2.4615994661465 0.620057959609172
2.47719474205433 0.553669875714855
2.49019080531086 0.486028169344964
2.50058765591608 0.417550714658025
2.5109845065213 0.349073259971086
2.51878214447522 0.279760056967098
2.52398056977783 0.210028979804586
2.52917899508044 0.140297902642073
2.53177820773174 0.0701489513210366
2.53177820773174 -2.35922392732846e-16
2.53177820773174 -0.0584574594341975
2.52997319894611 -0.116914918868395
2.52636318137486 -0.175130552979372
2.5227531638036 -0.233346187090349
2.51733813744671 -0.291319995878106
2.5101181023042 -0.348810154019423
2.50289806716168 -0.406300312160739
2.49387302323354 -0.463306819655616
2.48304297051977 -0.519587851180832
2.472212917806 -0.575868882706048
2.4595778563066 -0.631424438261603
2.44513778602157 -0.686012692524278
2.43069771573654 -0.740600946786953
2.41445263666588 -0.794221899756748
2.39640254880959 -0.846633726110442
2.3783524609533 -0.899045552464135
2.35849736431139 -0.950248252201728
2.43724623151522 0.939981331309858
2.45957583111052 0.877968263226758
2.47942436408413 0.814359675629293
2.49927289705773 0.750751088031828
2.51664036340963 0.685546980919997
2.53152676313984 0.619146234172391
2.54641316287004 0.552745487424785
2.55881849597854 0.485148101041405
2.56874276246535 0.416752954900842
2.57866702895215 0.348357808760279
2.58611022881725 0.279164902862533
2.59107236206065 0.209573117086195
2.59603449530405 0.139981331309858
2.59851556192575 0.0699906656549288
2.59851556192575 -2.35922392732846e-16
2.59851556192575 -0.0583255547124411
2.59679259899402 -0.116651109424882
2.59334667313055 -0.174745830874249
2.58990074726707 -0.232840552323616
2.58473185847186 -0.290704440509909
2.57784000674492 -0.348106662170055
2.57094815501797 -0.405508883830201
2.56233334035929 -0.462449438964199
2.55199556276887 -0.518697494308976
2.54165778517845 -0.574945549653753
2.5295970446563 -0.630501105209308
2.5158133412024 -0.685133327712569
2.50202963774851 -0.739765550215829
2.48652297136288 -0.793474439666795
2.46929334204552 -0.846029162802391
2.45206371272815 -0.898583885937988
2.43311112047905 -0.949984442758215
2.51166307763354 0.939664759977642
2.5329293629624 0.877430091961992
2.55183272769917 0.813675881551708
2.57073609243593 0.749921671141423
2.5872765365806 0.684647918336505
2.60145406013318 0.61823450873561
2.61563158368575 0.551821099134716
2.62744618664623 0.484268032737846
2.63689786901462 0.415955195143659
2.646349551383 0.347642357549472
2.65343831315929 0.278569748757968
2.65816415434348 0.209117254367805
2.66288999552767 0.139664759977642
2.66525291611977 0.0698323799888211
2.66525291611977 -2.42861286636753e-16
2.66525291611977 -0.0581936499906846
2.66361199904192 -0.116387299981369
2.66033016488623 -0.174361108769126
2.65704833073054 -0.232334917556883
2.65212557949701 -0.290088885141713
2.64556191118564 -0.347403170320687
2.63899824287426 -0.404717455499662
2.63079365748504 -0.461592058272782
2.62094815501797 -0.51780713743712
2.61110265255091 -0.574022216601458
2.599616233006 -0.629577772157013
2.58648889638324 -0.684253962900859
2.57336155976049 -0.738930153644705
2.55859330605989 -0.792726979576841
2.54218413528144 -0.845424599494341
2.525774964503 -0.89812221941184
2.50772487664671 -0.949720633314702
2.58607992375186 0.939348188645427
2.60628289481428 0.876891920697226
2.62424109131421 0.812992087474122
2.64219928781414 0.749092254251019
2.65791270975157 0.683748855753013
2.67138135712652 0.61732278329883
2.68485000450147 0.550896710844647
2.69607387731392 0.483387964434287
2.70505297556389 0.415157435386476
2.71403207381385 0.346926906338665
2.72076639750132 0.277974594653403
2.7252559466263 0.208661391649415
2.72974549575129 0.139348188645427
2.73199027031378 0.0696740943227133
2.73199027031378 -2.56739074444567e-16
2.73199027031378 -0.0580617452689282
2.73043139908983 -0.116123490537856
2.72731365664192 -0.173976386664003
2.72419591419402 -0.23182928279015
2.71951930052216 -0.289473329773516
2.71328381562635 -0.34669967847132
2.70704833073054 -0.403926027169124
2.69925397461078 -0.460734677581365
2.68990074726707 -0.516916780565264
2.68054751992336 -0.573098883549163
2.6696354213557 -0.628654439104718
2.65716445156408 -0.68337459808915
2.64469348177246 -0.738094757073581
2.63066364075689 -0.791979519486888
2.61507492851737 -0.84482003618629
2.59948621627785 -0.897660552885692
2.58233863281438 -0.949456823871189
2.66049676987019 0.939031617313211
2.67963642666616 0.87635374943246
2.69664945492925 0.812308293396537
2.71366248319234 0.748262837360614
2.72854888292254 0.682849793169521
2.74130865411986 0.616411057862049
2.75406842531718 0.549972322554578
2.76470156798161 0.482507896130728
2.77320808211315 0.414359675629293
2.7817145962447 0.346211455127858
2.78809448184336 0.277379440548838
2.79234773890913 0.208205528931025
2.7966009959749 0.139031617313211
2.79872762450779 0.0695158086566056
2.79872762450779 -2.56739074444567e-16
2.79872762450779 -0.0579298405471718
2.79725079913773 -0.115859681094343
2.79429714839761 -0.17359166455888
2.79134349765749 -0.231323648023417
2.78691302154731 -0.288857774405319
2.78100572006707 -0.345996186621952
2.77509841858683 -0.403134598838585
2.76771429173653 -0.459877296889948
2.75885333951617 -0.516026423693408
2.74999238729581 -0.572175550496868
2.7396546097054 -0.627731106052423
2.72784000674492 -0.68249523327744
2.71602540378444 -0.737259360502457
2.7027339754539 -0.791232059396935
2.6879657217533 -0.84421547287824
2.6731974680527 -0.897198886359545
2.65695238898204 -0.949193014427676
2.73491361598851 0.938715045980996
2.75298995851804 0.875815578167693
2.76905781854429 0.811624499318951
2.78512567857054 0.74743342047021
2.79918505609351 0.681950730586029
2.8112359511132 0.615499332425269
2.82328684613289 0.549047934264509
2.8333292586493 0.481627827827169
2.84136318866242 0.41356191587211
2.84939711867555 0.345496003917051
2.85542256618539 0.276784286444273
2.85943953119196 0.207749666212634
2.86345649619852 0.138715045980996
2.8654649787018 0.0693575229904979
2.8654649787018 -2.4980018054066e-16
2.8654649787018 -0.0577979358254153
2.86407019918563 -0.11559587165083
2.8612806401533 -0.173206942453757
2.85849108112096 -0.230818013256684
2.85430674257246 -0.288242219037122
2.84872762450779 -0.345292694772584
2.84314850644312 -0.402343170508046
2.83617460886228 -0.459019916198532
2.82780593176527 -0.515136066821552
2.81943725466827 -0.571252217444572
2.80967379805509 -0.626807773000128
2.79851556192575 -0.68161586846573
2.78735732579641 -0.736423963931333
2.7748043101509 -0.790484599306982
2.76085651498923 -0.843610909570189
2.74690871982755 -0.896737219833397
2.73156614514971 -0.948929204984163
2.80933046210683 0.938398474648781
2.82634349036992 0.875277406902927
2.84146618215933 0.810940705241366
2.85658887394875 0.746604003579805
2.86982122926448 0.681051668002537
2.88116324810654 0.614587606988488
2.8925052669486 0.54812354597444
2.90195694931699 0.48074775952361
2.90951829521169 0.412764156114927
2.9170796411064 0.344780552706244
2.92275065052743 0.276189132339708
2.92653132347478 0.207293803494244
2.93031199642214 0.138398474648781
2.93220233289581 0.0691992373243901
2.93220233289581 -2.56739074444567e-16
2.93220233289581 -0.0576660311036589
2.93088959923354 -0.115332062207318
2.92826413190899 -0.172822220348634
2.92563866458444 -0.230312378489951
2.92170046359761 -0.287626663668926
2.91644952894851 -0.344589202923217
2.91119859429941 -0.401551742177508
2.90463492598803 -0.458162535507115
2.89675852401438 -0.514245709949696
2.88888212204072 -0.570328884392277
2.8796929864048 -0.625884439947833
2.86919111710659 -0.680736503654021
2.85868924780839 -0.735588567360209
2.84687464484791 -0.789737139217029
2.83374730822515 -0.843006346262139
2.8206199716024 -0.89627555330725
2.80617990131737 -0.948665395540651
2.88374730822515 0.938081903316565
2.8996970222218 0.874739235638161
2.91387454577438 0.810256911163781
2.92805206932695 0.745774586689401
2.94045740243545 0.680152605419045
2.95109054509988 0.613675881551708
2.96172368776432 0.54719915768437
2.97058463998467 0.479867691220051
2.97767340176096 0.411966396357744
2.98476216353725 0.344065101495437
2.99007873486946 0.275593978235143
2.99362311575761 0.206837940775854
2.99716749664575 0.138081903316565
2.99893968708982 0.0690409516582824
2.99893968708982 -2.4980018054066e-16
2.99893968708982 -0.0575341263819024
2.99770899928144 -0.115068252763805
2.99524762366467 -0.172437498243511
2.99278624804791 -0.229806743723218
2.98909418462276 -0.287011108300729
2.98417143338923 -0.343885711073849
2.97924868215569 -0.400760313846969
2.97309524311378 -0.457305154815698
2.96571111626348 -0.51335535307784
2.95832698941318 -0.569405551339982
2.9497121747545 -0.624961106895538
2.93986667228743 -0.679857138842311
2.93002116982036 -0.734753170789085
2.91894497954491 -0.788989679127076
2.90663810146108 -0.842401782954089
2.89433122337725 -0.895813886781102
2.88079365748504 -0.948401586097138
2.95816415434348 0.93776533198435
2.97305055407368 0.874201064373395
2.98628290938942 0.809573117086196
2.99951526470515 0.744945169798996
3.01109357560642 0.679253542835553
3.02101784209323 0.612764156114927
3.03094210858003 0.546274769394301
3.03921233065236 0.478987622916492
3.04582850831023 0.411168636600561
3.0524446859681 0.34334965028463
3.0574068192115 0.274998824130577
3.06071490804043 0.206382078057464
3.06402299686937 0.13776533198435
3.06567704128384 0.0688826659921747
3.06567704128384 -2.4980018054066e-16
3.06567704128384 -0.057402221660146
3.06452839932934 -0.114804443320292
3.06223111542036 -0.172052776138388
3.05993383151138 -0.229301108956485
3.05648790564791 -0.286395552932532
3.05189333782994 -0.343182219224481
3.04729877001198 -0.39996888551643
3.04155556023952 -0.456447774124281
3.03466370851258 -0.512464996205984
3.02777185678563 -0.568482218287687
3.01973136310419 -0.624037773843243
3.01054222746827 -0.678977774030602
3.00135309183234 -0.73391777421796
2.99101531424192 -0.788242219037123
2.97952889469701 -0.841797219646039
2.9680424751521 -0.895352220254955
2.9554074136527 -0.948137776653625
3.0325810004618 0.937448760652134
3.04640408592556 0.873662893108628
3.05869127300446 0.80888932300861
3.07097846008336 0.744115752908592
3.08172974877739 0.678354480252061
3.09094513908657 0.611852430678147
3.10016052939574 0.545350381104232
3.10784002132005 0.478107554612933
3.1139836148595 0.410370876843378
3.12012720839895 0.342634199073823
3.12473490355354 0.274403670026012
3.12780670032326 0.205926215339073
3.13087849709299 0.137448760652134
3.13241439547785 0.068724380326067
3.13241439547785 -2.39391839684799e-16
3.13241439547785 -0.0572703169383895
3.13134779937725 -0.114540633876779
3.12921460717605 -0.171668054033265
3.12708141497485 -0.228795474189752
3.12388162667306 -0.285779997564336
3.11961524227066 -0.342478727375114
3.11534885786827 -0.399177457185892
3.11001587736527 -0.455590393432864
3.10361630076168 -0.511574639334128
3.09721672415809 -0.567558885235392
3.0897505514539 -0.623114440790948
3.08121778264911 -0.678098409218892
3.07268501384431 -0.733082377646836
3.06308564893893 -0.787494758947169
3.05241968793294 -0.841192656337988
3.04175372692695 -0.894890553728807
3.03002116982036 -0.947873967210112
3.10699784658012 0.937132189319919
3.11975761777744 0.873124721843862
3.1310996366195 0.808205528931025
3.14244165546156 0.743286336018187
3.15236592194836 0.677455417668569
3.16087243607991 0.610940705241366
3.16937895021145 0.544425992814163
3.17646771198774 0.477227486309374
3.18213872140877 0.409573117086195
3.1878097308298 0.341918747863017
3.19206298789557 0.273808515921447
3.19489849260609 0.205470352620683
3.1977339973166 0.137132189319919
3.19915174967186 0.0685660946599593
3.19915174967186 -2.15105711021124e-16
3.19915174967186 -0.0571384122166331
3.19816719942515 -0.114276824433266
3.19619809893174 -0.171283331928142
3.19422899843833 -0.228289839423019
3.19127534769821 -0.285164442196139
3.18733714671138 -0.341775235525746
3.18339894572455 -0.398386028855353
3.17847619449102 -0.454733012741447
3.17256889301078 -0.510684282462272
3.16666159153054 -0.566635552183097
3.1597697398036 -0.622191107738653
3.15189333782994 -0.677219044407182
3.14401693585629 -0.732246981075712
3.13515598363593 -0.786747298857216
3.12531048116887 -0.840588093029938
3.1154649787018 -0.89442888720266
3.10463492598803 -0.947610157766599
3.18141469269845 0.936815617987703
3.19311114962932 0.872586550579096
3.20350800023454 0.807521734853439
3.21390485083976 0.742456919127783
3.22300209511933 0.676556355085077
3.23079973307325 0.610028979804586
3.23859737102716 0.543501604524094
3.24509540265543 0.476347418005815
3.25029382795804 0.408775357329012
3.25549225326065 0.34120329665221
3.25939107223761 0.273213361816882
3.26199028488891 0.205014489902293
3.26458949754022 0.136815617987703
3.26588910386587 0.0684078089938516
3.26588910386587 -1.97758476261356e-16
3.26588910386587 -0.0570065074948766
3.26498659947306 -0.114013014989753
3.26318159068743 -0.170898609823019
3.2613765819018 -0.227784204656286
3.25866906872336 -0.284548886827942
3.2550590511521 -0.341071743676378
3.25144903358084 -0.397594600524814
3.24693651161677 -0.45387563205003
3.24152148525988 -0.509793925590416
3.236106458903 -0.565712219130802
3.2297889281533 -0.621267774686357
3.22256889301078 -0.676339679595473
3.21534885786827 -0.731411584504588
3.20722631833294 -0.785999838767263
3.19820127440479 -0.839983529721887
3.18917623047665 -0.893967220676512
3.17924868215569 -0.947346348323086
3.25583153881677 0.936499046655488
3.2664646814812 0.872048379314329
3.27591636384958 0.806837940775854
3.28536804621797 0.741627502237378
3.2936382682903 0.675657292501586
3.30072703006659 0.609117254367805
3.30781579184288 0.542577216234025
3.31372309332312 0.475467349702256
3.31844893450731 0.40797759757183
3.3231747756915 0.340487845441403
3.32671915657964 0.272618207712317
3.32908207717174 0.204558627183903
3.33144499776384 0.136499046655488
3.33262645805988 0.0682495233277439
3.33262645805988 -1.66533453693773e-16
3.33262645805988 -0.0568746027731202
3.33180599952096 -0.11374920554624
3.33016508244312 -0.170513887717896
3.32852416536527 -0.227278569889553
3.32606278974851 -0.283933331459745
3.32278095559282 -0.34036825182701
3.31949912143713 -0.396803172194276
3.31539682874252 -0.453018251358614
3.31047407750898 -0.50890356871856
3.30555132627545 -0.564788886078507
3.299808116503 -0.620344441634062
3.29324444819162 -0.675460314783763
3.28668077988024 -0.730576187933464
3.27929665302994 -0.78525237867731
3.27109206764072 -0.839378966413837
3.2628874822515 -0.893505554150364
3.25386243832336 -0.947082538879573
3.33024838493509 0.936182475323272
3.33981821333308 0.871510208049563
3.34832472746463 0.806154146698268
3.35683124159617 0.740798085346974
3.36427444146127 0.674758229918094
3.37065432705993 0.608205528931025
3.37703421265859 0.541652827943956
3.38235078399081 0.474587281398697
3.38660404105658 0.407179837814647
3.39085729812235 0.339772394230596
3.39404724092168 0.272023053607752
3.39617386945457 0.204102764465512
3.39830049798745 0.136182475323272
3.39936381225389 0.0680912376616361
3.39936381225389 -1.59594559789866e-16
3.39936381225389 -0.0567426980513637
3.39862539956886 -0.113485396102727
3.3971485741988 -0.170129165612773
3.39567174882874 -0.22677293512282
3.39345651077365 -0.283317776091549
3.39050286003353 -0.339664759977643
3.38754920929341 -0.396011743863737
3.38385714586827 -0.452160870667197
3.37942666975809 -0.508013211846704
3.37499619364791 -0.563865553026212
3.3698273048527 -0.619421108581767
3.36392000337246 -0.674580949972053
3.35801270189222 -0.72974079136234
3.35136698772695 -0.784504918587356
3.34398286087665 -0.838774403105787
3.33659873402635 -0.893043887624217
3.32847619449102 -0.94681872943606
3.40466523105342 0.935865903991057
3.41317174518496 0.870972036784797
3.42073309107967 0.805470352620683
3.42829443697437 0.739968668456569
3.43491061463224 0.673859167334602
3.44058162405327 0.607293803494244
3.4462526334743 0.540728439653887
3.45097847465849 0.473707213095139
3.45475914760585 0.406382078057464
3.4585398205532 0.339056943019789
3.46137532526371 0.271427899503187
3.46326566173739 0.203646901747122
3.46515599821107 0.135865903991057
3.46610116644791 0.0679329519955284
3.46610116644791 -1.56125112837913e-16
3.46610116644791 -0.0566107933296072
3.46544479961677 -0.113221586659214
3.46413206595449 -0.16974444350765
3.46281933229222 -0.226267300356087
3.4608502317988 -0.282702220723352
3.45822476447425 -0.338961268128275
3.4555992971497 -0.395220315533198
3.45231746299401 -0.45130348997578
3.44837926200719 -0.507122854974848
3.44444106102036 -0.562942219973916
3.4398464932024 -0.618497775529472
3.4345955585533 -0.673701585160344
3.42934462390419 -0.728905394791216
3.42343732242395 -0.783757458497403
3.41687365411258 -0.838169839797736
3.4103099858012 -0.892582221098069
3.40308995065868 -0.946554919992547
3.47908207717174 0.935549332658841
3.48652527703684 0.870433865520031
3.49314145469471 0.804786558543098
3.49975763235258 0.739139251566165
3.50554678780321 0.67296010475111
3.51050892104661 0.606382078057464
3.51547105429001 0.539804051363817
3.51960616532618 0.47282714479158
3.52291425415512 0.405584318300281
3.52622234298405 0.338341491808982
3.52870340960575 0.270832745398622
3.53035745402022 0.203191039028732
3.53201149843468 0.135549332658842
3.53283852064192 0.0677746663294207
3.53283852064192 -1.56125112837913e-16
3.53283852064192 -0.0564788886078508
3.53226419966467 -0.112957777215701
3.53111555771018 -0.169359721402528
3.52996691575569 -0.225761665589354
3.52824395282395 -0.282086665355155
3.52594666891497 -0.338257776278907
3.52364938500599 -0.39442888720266
3.52077778011976 -0.450446109284363
3.51733185425629 -0.506232498102992
3.51388592839282 -0.562018886921621
3.5098656815521 -0.617574442477177
3.50527111373413 -0.672822220348634
3.50067654591617 -0.728069998220091
3.49550765712096 -0.78300999840745
3.4897644473485 -0.837565276489686
3.48402123757605 -0.892120554571922
3.47770370682635 -0.946291110549035
3.55349892329006 0.935232761326626
3.55987880888872 0.869895694255264
3.56554981830975 0.804102764465512
3.57122082773078 0.73830983467576
3.57618296097418 0.672061042167618
3.58043621803995 0.605470352620683
3.58468947510573 0.538879663073748
3.58823385599387 0.47194707648802
3.59106936070439 0.404786558543098
3.5939048654149 0.337626040598175
3.59603149394779 0.270237591294057
3.59744924630304 0.202735176310342
3.5988669986583 0.135232761326626
3.59957587483593 0.0676163806633129
3.59957587483593 -1.6306400674182e-16
3.59957587483593 -0.0563469838860944
3.59908359971258 -0.112693967772189
3.59809904946587 -0.168974999297405
3.59711449921916 -0.225256030822621
3.5956376738491 -0.281471109986958
3.59366857335569 -0.33755428442954
3.59169947286228 -0.393637458872121
3.58923809724551 -0.449588728592946
3.58628444650539 -0.505342141231136
3.58333079576527 -0.561095553869326
3.5798848699018 -0.616651109424882
3.57594666891497 -0.671942855536925
3.57200846792814 -0.727234601648967
3.56757799181797 -0.782262538317497
3.56265524058443 -0.836960713181636
3.5577324893509 -0.891658888045774
3.55231746299401 -0.946027301105522
3.62791576940838 0.934916189994411
3.6332323407406 0.869357522990498
3.63795818192479 0.803418970387927
3.64268402310898 0.737480417785356
3.64681913414515 0.671161979584126
3.6503635150333 0.604558627183903
3.65390789592144 0.537955274783679
3.65686154666156 0.471067008184462
3.65922446725366 0.403988798785915
3.66158738784575 0.336910589387368
3.66335957828982 0.269642437189492
3.66454103858587 0.202279313591951
3.66572249888192 0.134916189994411
3.66631322902994 0.0674580949972052
3.66631322902994 -1.6306400674182e-16
3.66631322902994 -0.0562150791643379
3.66590299976048 -0.112430158328676
3.66508254122156 -0.168590277192282
3.66426208268264 -0.224750396055888
3.66303139487425 -0.280855554618762
3.66139047779641 -0.336850792580172
3.65974956071856 -0.392846030541582
3.65769841437126 -0.448731347901529
3.65523703875449 -0.50445178435928
3.65277566313773 -0.560172220817031
3.6499040582515 -0.615727776372587
3.64662222409581 -0.671063490725215
3.64334038994012 -0.726399205077843
3.63964832651497 -0.781515078227544
3.63554603382036 -0.836356149873585
3.63144374112575 -0.891197221519627
3.62693121916168 -0.945763491662009
3.70233261552671 0.934599618662195
3.70658587259248 0.868819351725732
3.71036654553983 0.802735176310341
3.71414721848719 0.736651000894951
3.71745530731612 0.670262917000634
3.72029081202664 0.603646901747122
3.72312631673715 0.53703088649361
3.72548923732925 0.470186939880903
3.72737957380292 0.403191039028732
3.7292699102766 0.336195138176561
3.73068766263186 0.269047283084927
3.7316328308687 0.201823450873561
3.73257799910553 0.134599618662195
3.73305058322395 0.0672998093310975
3.73305058322395 -1.56125112837913e-16
3.73305058322395 -0.0560831744425815
3.73272239980838 -0.112166348885163
3.73206603297725 -0.168205555087159
3.73140966614611 -0.224244761289154
3.7304251158994 -0.280239999250565
3.72911238223713 -0.336147300730804
3.72779964857485 -0.392054602211044
3.72615873149701 -0.447873967210112
3.72418963100359 -0.503561427487424
3.72222053051018 -0.559248887764736
3.7199232466012 -0.614804443320292
3.71729777927665 -0.670184125913505
3.7146723119521 -0.725563808506719
3.71171866121198 -0.780767618137591
3.70843682705629 -0.835751586565535
3.7051549929006 -0.890735554993479
3.70154497532934 -0.945499682218496
3.77674946164503 0.93428304732998
3.77993940444436 0.868281180460965
3.78277490915488 0.802051382232756
3.78561041386539 0.735821584004547
3.78809148048709 0.669363854417142
3.79021810901998 0.602735176310341
3.79234473755286 0.536106498203541
3.79411692799694 0.469306871577344
3.79553468035219 0.402393279271549
3.79695243270745 0.335479686965754
3.79801574697389 0.268452128980362
3.79872462315152 0.201367588155171
3.79943349932915 0.13428304732998
3.79978793741796 0.0671415236649897
3.79978793741796 -1.49186218934005e-16
3.79978793741796 -0.055951269720825
3.79954179985629 -0.11190253944165
3.79904952473293 -0.167820832982036
3.79855724960958 -0.223739126522421
3.79781883692455 -0.279624443882368
3.79683428667784 -0.335443808881437
3.79584973643114 -0.391263173880505
3.79461904862275 -0.447016586518695
3.7931422232527 -0.502671070615568
3.79166539788263 -0.558325554712441
3.7899424349509 -0.613881110267997
3.78797333445749 -0.669304761101796
3.78600423396407 -0.724728411935595
3.78378899590898 -0.780020158047637
3.78132762029222 -0.835147023257485
3.77886624467545 -0.890273888467332
3.77615873149701 -0.945235872774983
3.85116630776335 0.933966475997764
3.85329293629624 0.867743009196199
3.85518327276992 0.801367588155171
3.85707360924359 0.734992167114142
3.85872765365806 0.66846479183365
3.86014540601332 0.601823450873561
3.86156315836858 0.535182109913471
3.86274461866462 0.468426803273784
3.86368978690146 0.401595519514366
3.8646349551383 0.334764235754947
3.86534383131593 0.267856974875797
3.86581641543435 0.20091172543678
3.86628899955277 0.133966475997764
3.86652529161198 0.066983237998882
3.86652529161198 -1.35308431126191e-16
3.86652529161198 -0.0558193649990686
3.86636119990419 -0.111638729998137
3.86603301648862 -0.167436110876913
3.86570483307305 -0.223233491755688
3.8652125579497 -0.279008888514171
3.86455619111856 -0.334740317032069
3.86389982428743 -0.390471745549966
3.8630793657485 -0.446159205827278
3.8620948155018 -0.501780713743712
3.86111026525509 -0.557402221660146
3.8599616233006 -0.612957777215701
3.85864888963832 -0.668425396290086
3.85733615597605 -0.72389301536447
3.85585933060599 -0.779272697957684
3.85421841352814 -0.834542459949434
3.8525774964503 -0.889812221941184
3.85077248766467 -0.94497206333147
3.92558315388168 0.933649904665549
3.92664646814812 0.867204837931433
3.92759163638496 0.800683794077585
3.9285368046218 0.734162750223738
3.92936382682903 0.667565729250158
3.93007270300666 0.60091172543678
3.93078157918429 0.534257721623402
3.93137230933231 0.467546734970226
3.93184489345073 0.400797759757183
3.93231747756915 0.33404878454414
3.93267191565796 0.267261820771232
3.93290820771717 0.20045586271839
3.93314449977638 0.133649904665549
3.93326264580599 0.0668249523327743
3.93326264580599 -1.28369537222284e-16
3.93326264580599 -0.0556874602773121
3.9331805999521 -0.111374920554624
3.93301650824431 -0.16705138877179
3.93285241653653 -0.222727856988955
3.93260627897485 -0.278393333145975
3.93227809555928 -0.334036825182701
3.93194991214371 -0.389680317219428
3.93153968287425 -0.445301825135861
3.9310474077509 -0.500890356871856
3.93055513262755 -0.556478888607851
3.9299808116503 -0.612034444163406
3.92932444481916 -0.667546031478376
3.92866807798802 -0.723057618793346
3.92792966530299 -0.778525237867731
3.92710920676407 -0.833937896641384
3.92628874822515 -0.889350555415036
3.92538624383234 -0.944708253887957
1.32058723197582 1.45464074463976
1.24784558062534 1.5173765226486
1.16838828231777 1.57314165865646
1.0889309840102 1.62890679466432
1.00275803874554 1.6777012886712
0.911548358263063 1.71952514067709
0.820338677780582 1.76134899268299
0.724092262080283 1.7962022026879
0.624488022901438 1.82408477069183
0.524883783722593 1.85196733869576
0.421921721065202 1.8728792646987
0.317280746668538 1.88682054870067
0.212639772271874 1.90076183270263
0.106319886135937 1.90773247470362
-4.9960036108132e-16 1.90773247470362
-0.0531599430679691 1.90773247470362
-0.106319886135938 1.90598981420337
-0.159269965236497 1.90250449320288
-0.238695083887336 1.89727651170214
-0.317648008611505 1.88812754407585
-0.395420448518997 1.87505759032401
-0.49911703506232 1.85763098532155
-0.600714981931551 1.83323373831812
-0.698535377387419 1.80186584931369
-0.820810871707253 1.76265598805817
-0.937183941943706 1.71255449867611
-1.04437546360601 1.65156138116751
-1.17300528960077 1.5783696401572
-1.28841368564876 1.48949395464467
1.28949492562105 1.41842417836806
1.21606971099731 1.47491636070121
1.13683245368715 1.52513163388623
1.05759519637699 1.57534690707125
0.972545896380421 1.61928527110815
0.883137564369038 1.65694672599692
0.793729232357655 1.69460818088568
0.699961868331462 1.72599272662632
0.603288482962061 1.75110036321883
0.50661509759266 1.77620799981135
0.407035690880052 1.79503872725573
0.306003273495841 1.80759254555199
0.20497085611163 1.82014636384824
0.102485428055815 1.82642327299637
-4.71844785465692e-16 1.82642327299637
-0.051242714027908 1.82642327299637
-0.102485428055816 1.82485404570934
-0.153546515749773 1.82171559113527
-0.230138147290708 1.81700790927418
-0.306321119580255 1.80876946601726
-0.381482443741331 1.79700026136452
-0.481697542622765 1.7813079884942
-0.580096378164695 1.75933880647575
-0.675225939695517 1.73109271530918
-0.794137891609044 1.69578510135096
-0.907941602880215 1.65066981684879
-1.01379916204105 1.59574686180267
-1.14082823303406 1.52983931574733
-1.25641484498819 1.44980872410869
1.25840261926628 1.38220761209635
1.18429384136927 1.43245619875381
1.10527662505653 1.477121609116
1.02625940874378 1.52178701947819
0.942333754015299 1.5608692535451
0.854726770475014 1.59436831131674
0.767119786934728 1.62786736908838
0.67583147458264 1.65578325056475
0.582088943022684 1.67811595574584
0.488346411462728 1.70044866092694
0.392149660694903 1.71719818981276
0.294725800323144 1.7283645424033
0.197301939951386 1.73953089499385
0.0986509699756926 1.74511407128912
-4.16536397998609e-16 1.74511407128912
-0.049325484987847 1.74511407128912
-0.0986509699756935 1.7437182772153
-0.147823066263048 1.74092668906767
-0.22158121069408 1.73673930684621
-0.294994230549006 1.72941138795866
-0.367544438963665 1.71894293240503
-0.464278050183211 1.70498499166684
-0.559477774397839 1.68544387463339
-0.651916502003615 1.66031958130466
-0.767464911510835 1.62891421464374
-0.878699263816724 1.58878513502147
-0.983222860476098 1.53993234243783
-1.10865117646735 1.48130899133746
-1.22441600432761 1.41012349357272
1.23878470021491 1.35935650361537
1.16424462305022 1.40566564772529
1.08536624322088 1.44682933137855
1.00648786339153 1.48799301503181
0.923271180897544 1.52401123822841
0.836800771405066 1.55488400096836
0.750330361912588 1.5857567637083
0.660606225421623 1.61148406599159
0.568712937598333 1.63206590781822
0.476819649775044 1.65264774964485
0.38275721061943 1.66808413101483
0.287610195797653 1.67837505192814
0.192463180975877 1.68866597284145
0.0962315904879382 1.69381143329811
-3.81639164714898e-16 1.69381143329811
-0.0481157952439697 1.69381143329811
-0.0962315904879391 1.69252506818395
-0.144211813773638 1.68995233795562
-0.216182148702187 1.68609324261313
-0.287847446724627 1.67933982576376
-0.358750152481797 1.66969208740753
-0.453287093491357 1.65682843626589
-0.546468314918214 1.63881932466758
-0.637209241096206 1.61566475261262
-0.750635398818696 1.58672153754393
-0.860248595214834 1.5497385405117
-0.963930518436648 1.50471576151595
-1.08834882630282 1.45068842672104
-1.20422610079797 1.38508380589866
1.21916678116354 1.33650539513439
1.14419540473117 1.37887509669676
1.06545586138523 1.4165370536411
0.986716318039289 1.45419901058543
0.904208607779789 1.48715322291172
0.818874772335118 1.51539969061997
0.733540936890447 1.54364615832823
0.645380976260605 1.56718488141844
0.555336932173982 1.5860158598906
0.465292888087359 1.60484683836277
0.373364760543956 1.61897007221689
0.280494591272162 1.62838556145298
0.187624422000368 1.63780105068906
0.0938122110001839 1.6425087953071
-3.33066907387547e-16 1.6425087953071
-0.0469061055000925 1.6425087953071
-0.0938122110001847 1.64133185915259
-0.140600561284228 1.63897798684357
-0.210783086710293 1.63544717838004
-0.280700662900248 1.62926826356886
-0.349955865999929 1.62044124241003
-0.442296136799503 1.60867188086493
-0.533458855438589 1.59219477470178
-0.622501980188797 1.57100992392059
-0.733805886126557 1.54452886044411
-0.841797926612945 1.51069194600193
-0.944638176397197 1.46949918059407
-1.0680464761383 1.42006786210463
-1.18403619726833 1.36004411822459
1.19954886211217 1.3136542866534
1.12414618641211 1.35208454566824
1.04554547954958 1.38624477590364
0.966944772687042 1.42040500613905
0.885146034662034 1.45029520759504
0.80094877326517 1.47591538027159
0.716751511868306 1.50153555294815
0.630155727099587 1.52288569684528
0.541960926749631 1.53996581196298
0.453766126399675 1.55704592708069
0.363972310468482 1.56985601341896
0.273378986746671 1.57839607097782
0.182785663024859 1.58693612853667
0.0913928315124295 1.59120615731609
-3.13921696341249e-16 1.59120615731609
-0.0456964157562153 1.59120615731609
-0.0913928315124302 1.59013865012124
-0.136989308794818 1.58800363573152
-0.205384024718399 1.58480111414695
-0.273553879075869 1.57919670137396
-0.341161579518061 1.57119039741253
-0.431305180107649 1.56051532546397
-0.520449395958964 1.54557022473598
-0.607794719281388 1.52635509522856
-0.716976373434418 1.50233618334429
-0.823347258011055 1.47164535149216
-0.925345834357747 1.43428259967219
-1.04774412597378 1.38944729748821
-1.16384629373869 1.33500443055053
1.18717079200329 1.29923621192781
1.11149598486262 1.33518085073412
1.03298287789897 1.36713164078417
0.954469770935319 1.39908243083421
0.873118364148696 1.42703937212801
0.789638232494842 1.45100246466554
0.706158100840987 1.47496555720308
0.620549244319902 1.49493480098436
0.53352123788733 1.51091019600939
0.446493231454758 1.52688559103441
0.358046075110698 1.53886713730318
0.268889343810896 1.54685483481569
0.179732612511093 1.5548425323282
0.0898663062555461 1.55883638108446
-3.01841884819964e-16 1.55883638108446
-0.0449331531277736 1.55883638108446
-0.0898663062555469 1.55783791889539
-0.134710762513852 1.55584099451727
-0.20197744690131 1.55284560795007
-0.269044563332465 1.54760368145749
-0.335612759872863 1.54011521503951
-0.42437035526006 1.53013059314887
-0.512240981952578 1.51615212250197
-0.598515064994672 1.49817980309882
-0.70635766879729 1.47571440384488
-0.811705673146123 1.44700861590929
-0.913173189455732 1.41206243929205
-1.03493420902726 1.37012702735136
-1.15110732582231 1.31920545570909
1.17479272189441 1.28481813720222
1.09884578331312 1.3182771558
1.02042027624836 1.34801850566469
0.941994769183596 1.37775985552938
0.861090693635358 1.40378353666098
0.778327691724513 1.4260895490595
0.695564689813668 1.44839556145801
0.610942761540217 1.46698390512344
0.525081549025029 1.48185458005579
0.43922033650984 1.49672525498813
0.352119839752915 1.50787826118739
0.26439970087512 1.51531359865356
0.176679561997326 1.52274893611974
0.0883397809986628 1.52646660485282
-2.91433543964104e-16 1.52646660485282
-0.0441698904993319 1.52646660485282
-0.0883397809986635 1.52553718766955
-0.132432216232886 1.52367835330301
-0.198570869084221 1.52089010175319
-0.264535247589061 1.51601066154102
-0.330063940227665 1.50904003266648
-0.417435530412471 1.49974586083377
-0.504032567946191 1.48673402026796
-0.589235410707956 1.47000451096908
-0.695738964160163 1.44909262434547
-0.80006408828119 1.42237188032641
-0.901000544553717 1.38984227891191
-1.02212429208075 1.3508067572145
-1.13836835790594 1.30340648086765
1.16241465178553 1.27040006247663
1.08619558176363 1.30137346086588
1.00785767459775 1.32890537054521
0.929519767431873 1.35643728022454
0.849063023122019 1.38052770119395
0.767017150954184 1.40117663345345
0.684971278786349 1.42182556571295
0.601336278760532 1.43903300926253
0.516641860162728 1.45279896410219
0.431947441564923 1.46656491894186
0.346193604395131 1.47688938507161
0.259910057939345 1.48377236249144
0.173626511483559 1.49065533991127
0.0868132557417794 1.49409682862119
-2.99942526651347e-16 1.49409682862119
-0.0434066278708902 1.49409682862119
-0.0868132557417801 1.49323645644371
-0.130153669951921 1.49151571208875
-0.195164291267132 1.48893459555631
-0.260025931845657 1.48441764162455
-0.324515120582468 1.47796485029345
-0.410500705564882 1.46936112851866
-0.495824153939804 1.45731591803396
-0.57995575642124 1.44182921883933
-0.685120259523035 1.42247084484605
-0.788422503416258 1.39773514474353
-0.888827899651702 1.36762211853176
-1.00931437513423 1.33148648707764
-1.12562938998957 1.28760750602621
1.15460461753984 1.26130287233525
1.07821384418682 1.29070795039834
0.999931208820521 1.31684579756553
0.92164857345422 1.34298364473272
0.841474076074641 1.36585426100401
0.759880682185103 1.3854576463794
0.678287288295564 1.40506103175479
0.595274997896067 1.42139718623428
0.511316776489931 1.43446610981787
0.427358555083795 1.44753503340147
0.342454402671019 1.45733672608916
0.257077284754924 1.46387118788096
0.171700166838829 1.47040564967276
0.0858500834194144 1.47367288056866
-3.05311331771918e-16 1.47367288056866
-0.0429250417097077 1.47367288056866
-0.0858500834194151 1.47285607284468
-0.128716004441208 1.47122245739673
-0.193014885973896 1.46877203422481
-0.257180745958776 1.46448379367394
-0.321014052074134 1.45835773574413
-0.406125126894612 1.45018965850439
-0.49064499483594 1.43875435036874
-0.574100690394799 1.4240518113372
-0.678420309843373 1.40567363754777
-0.781077159944339 1.3821904154835
-0.881147479949026 1.35360214514439
-1.00123186395465 1.31929622073745
-1.11759164462163 1.27763902681475
1.14679458329416 1.25220568219388
1.07023210661001 1.28004243993081
0.992004743043291 1.30478622458585
0.913777379476567 1.3295300092409
0.833885129027262 1.35118082081406
0.752744213416021 1.36973865930535
0.67160329780478 1.38829649779663
0.589213717031602 1.40376136320603
0.505991692817134 1.41613325553356
0.422769668602666 1.42850514786108
0.338715200946907 1.43778406710672
0.254244511570503 1.44397001327048
0.169773822194099 1.45015595943424
0.0848869110970493 1.45324893251613
-3.08780778723872e-16 1.45324893251613
-0.0424434555485252 1.45324893251613
-0.08488691109705 1.45247568924565
-0.127278338930494 1.45092920270471
-0.19086548068066 1.4486094728933
-0.254335560071895 1.44454994572334
-0.317512983565801 1.43875062119481
-0.401749548224342 1.43101818849011
-0.485465835732076 1.42019278270353
-0.568245624368359 1.40627440383506
-0.671720360163712 1.38887643024948
-0.773731816472421 1.36664568622347
-0.87346706024635 1.33958217175701
-0.993149352775066 1.30710595439726
-1.1095538992537 1.26767054760328
1.13898454904847 1.2431084920525
1.06225036903321 1.26937692946327
0.98407827726606 1.29272665160617
0.905906185498914 1.31607637374908
0.826296181979884 1.33650738062412
0.74560774464694 1.35401967223129
0.664919307313995 1.37153196383847
0.583152436167138 1.38612554017779
0.500666609144338 1.39780040124924
0.418180782121538 1.40947526232069
0.334975999222796 1.41823140812428
0.251411738386082 1.42406883866001
0.167847477549369 1.42990626919573
0.0839237387746842 1.43282498446359
-3.3005323544198e-16 1.43282498446359
-0.0419618693873426 1.43282498446359
-0.083923738774685 1.43209530564663
-0.125840673419781 1.4306359480127
-0.188716075387425 1.4284469115618
-0.251490374185014 1.42461609777273
-0.314011915057467 1.41914350664549
-0.397373969554072 1.41184671847583
-0.480286676628213 1.40163121503831
-0.562390558341918 1.38849699633293
-0.66502041048405 1.3720792229512
-0.766386473000502 1.35110095696343
-0.865786640543674 1.32556219836963
-0.985066841595481 1.29491568805707
-1.10151615388577 1.25770206839182
1.13405675058051 1.23736855311867
1.05721423308741 1.26264744730115
0.979077015468146 1.28511757546335
0.900939797848886 1.30758770362555
0.821507880103469 1.32724906576748
0.741104937263434 1.34410166188913
0.660701994423399 1.36095425801079
0.579328026488746 1.37499808811216
0.497306708491015 1.38623315219326
0.415285390493284 1.39746821627437
0.332616722432474 1.40589451433519
0.249624379340125 1.41151204637574
0.166632036247776 1.41712957841629
0.0833160181238879 1.41993834443657
-3.43475248243408e-16 1.41993834443657
-0.0416580090619445 1.41993834443657
-0.0833160181238887 1.4192361529315
-0.12493356780689 1.41783176992136
-0.187359892331393 1.41572519540615
-0.249695183253275 1.41203869000454
-0.311802890168606 1.40677225371653
-0.394613166055714 1.39975033866584
-0.477018848153398 1.38991965759487
-0.558696261430119 1.37728021050364
-0.66079302802602 1.36148090163959
-0.761751874589166 1.34129289586886
-0.860940623323581 1.31671619319145
-0.979967121804879 1.28722414997856
-1.09644467941281 1.25141238322005
1.12912895211255 1.23162861418484
1.05217809714161 1.25591796513903
0.974075753670231 1.27750849932053
0.895973410198857 1.29909903350203
0.816719578227054 1.31799075091084
0.736602129879928 1.33418365154697
0.656484681532803 1.3503765521831
0.575503616810355 1.36387063604654
0.493946807837693 1.37466590313729
0.41238999886503 1.38546117022804
0.330257445642153 1.3935576205461
0.247837020294168 1.39895525409148
0.165416594946184 1.40435288763685
0.0827082974730916 1.40705170440954
-3.57353036051222e-16 1.40705170440954
-0.0413541487365464 1.40705170440954
-0.0827082974730924 1.40637700021637
-0.124026462194 1.40502759183003
-0.186003709275361 1.40300347925051
-0.247899992321536 1.39946128223636
-0.309593865279745 1.39440100078757
-0.391852362557357 1.38765395885585
-0.473751019678584 1.37820810015144
-0.55500196451832 1.36606342467435
-0.65656564556799 1.35088258032798
-0.757117276177829 1.33148483477428
-0.856094606103487 1.30787018801327
-0.974867402014277 1.27953261190004
-1.09137320493985 1.24512269804827
1.59004152598023 1.1393444885111
1.494242614407 1.26971015856082
1.53497746045469 1.12792203974883
1.45114506577575 1.24821073915429
1.47991339492915 1.11649959098657
1.40804751714449 1.22671131974777
1.44517031836887 1.10929251304806
1.38085480230651 1.21314610317116
1.41042724180859 1.10208543510956
1.35366208746852 1.19958088659455
1.37568416524831 1.09487835717106
1.32646937263054 1.18601567001794
1.35376276592276 1.09033099841352
1.30931192948715 1.17745659698947
1.33184136659721 1.08578363965599
1.29215448634377 1.16889752396099
1.30991996727167 1.08123628089845
1.27499704320039 1.16033845093252
1.29608849936593 1.07836709149239
1.26417142843657 1.15493804094326
1.2822570314602 1.07549790208634
1.25334581367275 1.149537630954
1.26842556355446 1.07262871268028
1.24252019890893 1.14413722096474
1.25969849729439 1.07081837655183
1.23568969776519 1.14072979261881
1.25097143103433 1.06900804042337
1.22885919662144 1.13732236427289
-1.91751261985622 0.0688101177749585
-1.83475055701261 0.0685656608591016
-1.751988494169 0.0683212039432446
-1.69976916277349 0.0681669620567757
-1.64754983137799 0.0680127201703067
-1.59533049998248 0.0678584782838378
-1.56238232931464 0.0677611582327437
-1.5294341586468 0.0676638381816497
-1.49648598797897 0.0675665181305556
-1.4756970977089 0.0675051133295527
-1.45490820743884 0.0674437085285497
-1.43411931716878 0.0673823037275468
-1.4210024141693 0.0673435599173676
-1.40788551116981 0.0673048161071885
-1.91415963862253 0.13802053701415
-1.83164471871429 0.137486889438968
-1.74912979880606 0.136953241863787
-1.69706640406076 0.136616533006862
-1.64500300931546 0.136279824149937
-1.59293961457017 0.135943115293012
-1.56008983327705 0.135730666366783
-1.52724005198394 0.135518217440555
-1.49439027069082 0.135305768514327
-1.47366345991936 0.135171722303996
-1.4529366491479 0.135037676093665
-1.43220983837644 0.134903629883335
-1.41913210489254 0.134819052442427
-1.40605437140863 0.134734475001519
-1.90734236575389 0.20713386270604
-1.82533677535707 0.206322465804049
-1.74333118496024 0.205511068902058
-1.69158915541093 0.204999112067459
-1.63984712586162 0.204487155232859
-1.58810509631231 0.20397519839826
-1.55545808274986 0.203652175473412
-1.52281106918741 0.203329152548565
-1.49016405562496 0.203006129623718
-1.46956518264239 0.20280231593685
-1.44896630965982 0.202598502249982
-1.42836743667725 0.202394688563114
-1.41537042648088 0.202266090820479
-1.40237341628451 0.202137493077844
-1.90052509288525 0.276247188397929
-1.81902883199984 0.27515804216913
-1.73753257111443 0.27406889594033
-1.6861119067611 0.273381691128056
-1.63469124240777 0.272694486315782
-1.58327057805445 0.272007281503508
-1.55082633222267 0.271573684580041
-1.51838208639088 0.271140087656575
-1.4859378405591 0.270706490733108
-1.46546690536542 0.270432909569703
-1.44499597017173 0.270159328406298
-1.42452503497805 0.269885747242893
-1.41160874806922 0.269713129198531
-1.39869246116039 0.269540511154169
-1.89024352838167 0.345263420542517
-1.80951878358371 0.343907966319424
-1.72879403878574 0.342552512096331
-1.67786016817417 0.341697278299164
-1.62692629756261 0.340842044501997
-1.57599242695104 0.33998681070483
-1.54385532720587 0.339447194659259
-1.5117182274607 0.338907578613689
-1.47958112771553 0.338367962568119
-1.45930398860102 0.338027487860967
-1.43902684948651 0.337687013153815
-1.418749710372 0.337346538446663
-1.40595570052266 0.337131713429576
-1.39316169067331 0.336916888412488
-1.87662834097505 0.413685164128269
-1.79691963891458 0.412131018319382
-1.7172109368541 0.410576872510495
-1.66691814587005 0.409596272797984
-1.61662535488601 0.408615673085474
-1.56633256390197 0.407635073372963
-1.53459995805618 0.40701635678236
-1.50286735221039 0.406397640191756
-1.4711347463646 0.405778923601153
-1.45111282564671 0.405388539824159
-1.43109090492881 0.404998156047166
-1.41106898421092 0.404607772270173
-1.39843600628336 0.404361456758914
-1.38580302835581 0.404115141247654
-1.86301315356843 0.48210690771402
-1.78432049424544 0.480354070319339
-1.70562783492245 0.478601232924658
-1.65597612356593 0.477495267296804
-1.60632441220942 0.476389301668951
-1.5566727008529 0.475283336041097
-1.52534458890649 0.47458551890546
-1.49401647696009 0.473887701769823
-1.46268836501368 0.473189884634186
-1.4429216626924 0.472749591787352
-1.42315496037112 0.472309298940518
-1.40338825804983 0.471869006093684
-1.39091631204407 0.471591200088252
-1.3784443660383 0.47131339408282
-1.84606434325877 0.549934162740935
-1.76863225332331 0.548050250168959
-1.69120016338785 0.546166337596983
-1.64234381754462 0.544977669123336
-1.59348747170139 0.543789000649689
-1.54463112585816 0.542600332176042
-1.51380485562391 0.541850333072443
-1.48297858538966 0.541100333968843
-1.4521523151554 0.540350334865244
-1.43270225354817 0.539877117422474
-1.41325219194094 0.539403899979705
-1.39380213033371 0.538930682536935
-1.38152997111203 0.538632102515883
-1.36925781189036 0.538333522494832
-1.82591257877798 0.616669534197478
-1.74996792495409 0.61477833793269
-1.6740232711302 0.612887141667902
-1.62610543402601 0.61169387749478
-1.57818759692182 0.610500613321659
-1.53026975981762 0.609307349148537
-1.50003564856513 0.608554450354601
-1.46980153731263 0.607801551560665
-1.43956742606014 0.607048652766729
-1.42049099151155 0.606573605743045
-1.40141455696295 0.60609855871936
-1.38233812241436 0.605623511695676
-1.37030170592943 0.605323777287109
-1.3582652894445 0.605024042878542
-1.80576081429719 0.683404905654022
-1.73130359658487 0.681506425696421
-1.65684637887255 0.679607945738821
-1.6098670505074 0.678410085866225
-1.56288772214224 0.677212225993628
-1.51590839377709 0.676014366121032
-1.48626644150635 0.675258567636759
-1.45662448923561 0.674502769152487
-1.42698253696487 0.673746970668214
-1.40827972947492 0.673270094063615
-1.38957692198497 0.672793217459016
-1.37087411449501 0.672316340854417
-1.35907344074683 0.672015452058335
-1.34727276699864 0.671714563262252
-1.78240609564527 0.749048393540193
-1.70966318076856 0.747266421374263
-1.63692026589185 0.745484449208334
-1.59102258949149 0.744360100782581
-1.54512491309113 0.743235752356829
-1.49922723669077 0.742111403931076
-1.47026776067139 0.741401988034093
-1.441308284652 0.74069257213711
-1.41234880863262 0.739983156240126
-1.39407661454589 0.739535545069634
-1.37580442045917 0.739087933899141
-1.35753222637244 0.738640322728648
-1.34600325131365 0.738357899173155
-1.33447427625486 0.738075475617661
-1.75597909155413 0.813102602844459
-1.68515968631107 0.811617105030666
-1.61434028106801 0.810131607216873
-1.56965625719818 0.809194321461051
-1.52497223332835 0.808257035705229
-1.48028820945853 0.807319749949407
-1.45209449641693 0.806728362617895
-1.42390078337534 0.806136975286383
-1.39570707033374 0.80554558795487
-1.37791804002198 0.80517244777462
-1.36012900971022 0.804799307594369
-1.34233997939845 0.804426167414119
-1.33111586007207 0.80419073187687
-1.31989174074568 0.80395529633962
-1.72955208746298 0.877156812148724
-1.66065619185357 0.875967788687068
-1.59176029624417 0.874778765225412
-1.54828992490488 0.874028542139521
-1.50481955356558 0.87327831905363
-1.46134918222629 0.872528095967739
-1.43392123216248 0.872054737201697
-1.40649328209867 0.871581378435656
-1.37906533203486 0.871108019669614
-1.36175946549806 0.870809350479606
-1.34445359896127 0.870510681289598
-1.32714773242447 0.87021201209959
-1.31622846883049 0.870023564580584
-1.3053092052365 0.869835117061579
-1.70005279793261 0.939621742871083
-1.6332896187549 0.93890916032203
-1.56652643957719 0.938196577772977
-1.52440172133417 0.937746968580103
-1.48227700309115 0.93729735938723
-1.44015228484813 0.936847750194357
-1.41357338448854 0.936564065971968
-1.38699448412895 0.936280381749579
-1.36041558376935 0.935996697527189
-1.34364543137926 0.93581770488356
-1.32687527898917 0.93563871223993
-1.31010512659908 0.9354597195963
-1.2995238757805 0.935346782873194
-1.28894262496191 0.935233846150088
-1.59004152598023 1.13934448851111
-1.53497746045469 1.12792203974884
-1.47991339492915 1.11649959098657
-1.44517031836887 1.10929251304807
-1.41042724180859 1.10208543510956
-1.37568416524831 1.09487835717106
-1.35376276592276 1.09033099841352
-1.33184136659722 1.08578363965598
-1.30991996727167 1.08123628089844
-1.29608849936593 1.07836709149239
-1.2822570314602 1.07549790208633
-1.26842556355446 1.07262871268028
-1.25969849729439 1.07081837655182
-1.25097143103433 1.06900804042337
-1.49424261440701 1.26971015856081
-1.45114506577575 1.24821073915429
-1.40804751714449 1.22671131974776
-1.3808548023065 1.21314610317116
-1.35366208746852 1.19958088659455
-1.32646937263053 1.18601567001795
-1.30931192948715 1.17745659698948
-1.29215448634377 1.168897523961
-1.27499704320039 1.16033845093253
-1.26417142843657 1.15493804094327
-1.25334581367275 1.14953763095402
-1.24252019890893 1.14413722096476
-1.23568969776519 1.14072979261883
-1.22885919662144 1.13732236427291
-1.25529174735329 0.067206131733975
-1.11581488653626 0.0671461911709407
-0.976338025719225 0.0670862506079065
-0.860107308371699 0.0670363001387113
-0.743876591024172 0.066986349669516
-0.627645873676645 0.0669363992003208
-0.534661299798624 0.0668964388249647
-0.441676725920603 0.0668564784496085
-0.348692152042581 0.0668165180742523
-0.278953721634065 0.0667865477927352
-0.209215291225549 0.066756577511218
-0.139476860817033 0.0667266072297009
-0.0929845738780218 0.0667066270420228
-0.0464922869390109 0.0666866468543447
-1.25367897413226 0.134518241137883
-1.11438131033978 0.134386584715156
-0.97508364654731 0.134254928292428
-0.859002260053583 0.134145214606821
-0.742920873559856 0.134035500921215
-0.626839487066129 0.133925787235608
-0.533974377871147 0.133838016287123
-0.441109268676165 0.133750245338638
-0.348244159481183 0.133662474390153
-0.278595327584947 0.133596646178789
-0.20894649568871 0.133530817967425
-0.139297663792473 0.133464989756061
-0.0928651091949823 0.133421104281818
-0.0464325545974912 0.133377218807576
-1.25043876547932 0.201808005801688
-1.11150112487051 0.201607116268167
-0.972563484261698 0.201406226734646
-0.856782117087686 0.201238818790046
-0.741000749913675 0.201071410845445
-0.625219382739663 0.200904002900844
-0.532594289000454 0.200770076545163
-0.439969195261245 0.200636150189483
-0.347344101522036 0.200502223833802
-0.277875281217629 0.200401779067042
-0.208406460913222 0.200301334300281
-0.138937640608814 0.200200889533521
-0.0926250937392097 0.200133926355681
-0.0463125468696048 0.20006696317784
-1.24719855682639 0.269097770465493
-1.10862093940124 0.268827647821179
-0.970043321976085 0.268557525176865
-0.854561974121789 0.26833242297327
-0.739080626267494 0.268107320769675
-0.623599278413198 0.26788221856608
-0.531214200129762 0.267702136803204
-0.438829121846325 0.267522055040328
-0.346444043562888 0.267341973277452
-0.277155234850311 0.267206911955295
-0.207866426137733 0.267071850633138
-0.138577617425155 0.266936789310981
-0.092385078283437 0.266846748429543
-0.0461925391417185 0.266756707548105
-1.24233091274157 0.336365190389194
-1.10429414465917 0.336028317382987
-0.966257376576775 0.335691444376781
-0.851226736508111 0.335410716871608
-0.736196096439448 0.335129989366436
-0.621165456370784 0.334849261861264
-0.529140944315853 0.334624679857126
-0.437116432260923 0.334400097852988
-0.345091920205992 0.33417551584885
-0.276073536164793 0.334007079345747
-0.207055152123595 0.333838642842643
-0.138036768082397 0.33367020633954
-0.0920245120549312 0.333557915337471
-0.0460122560274656 0.333445624335402
-1.23585304538542 0.403481943162755
-1.0985360403426 0.403095060589115
-0.961219035299772 0.402708178015476
-0.846788197764085 0.402385775870776
-0.732357360228398 0.402063373726077
-0.617926522692711 0.401740971581377
-0.526381852664162 0.401483049865618
-0.434837182635612 0.401225128149858
-0.343292512607062 0.400967206434098
-0.27463401008565 0.400773765147279
-0.205975507564237 0.400580323860459
-0.137317005042825 0.400386882573639
-0.09154467002855 0.400257921715759
-0.045772335014275 0.40012896085788
-1.22937517802928 0.470598695936316
-1.09277793602602 0.470161803795243
-0.95618069402277 0.469724911654171
-0.84234965902006 0.469360834869944
-0.728518624017349 0.468996758085718
-0.614687589014638 0.468632681301491
-0.52362276101247 0.46834141987411
-0.432557933010301 0.468050158446728
-0.341493105008133 0.467758897019347
-0.273194484006506 0.467540450948811
-0.20489586300488 0.467322004878275
-0.136597242003253 0.467103558807739
-0.0910648280021688 0.466957928094048
-0.0455324140010844 0.466812297380357
-1.22128708740181 0.537564781559736
-1.08558852213494 0.537094620645691
-0.949889956868077 0.536624459731646
-0.836807819145687 0.536232658969942
-0.723725681423297 0.535840858208238
-0.610643543700907 0.535449057446534
-0.520177833522995 0.535135616837171
-0.429712123345082 0.534822176227808
-0.33924641316717 0.534508735618445
-0.271397130533736 0.534273655161423
-0.203547847900302 0.5340385747044
-0.135698565266868 0.533803494247378
-0.0904657101779122 0.533646773942696
-0.0452328550889561 0.533490053638015
-1.21160598566361 0.604251877622978
-1.07698309836765 0.60377944677598
-0.942360211071697 0.603307015928982
-0.8301744716584 0.602913323556484
-0.717988732245103 0.602519631183987
-0.605802992831805 0.602125938811489
-0.516054401301168 0.60181098491349
-0.42630580977053 0.601496031015492
-0.336557218239892 0.601181077117494
-0.269245774591914 0.600944861693995
-0.201934330943935 0.600708646270496
-0.134622887295957 0.600472430846998
-0.0897485915306379 0.600314953897998
-0.0448742957653189 0.600157476948999
-1.20192488392541 0.67093897368622
-1.06837767460036 0.670464272906269
-0.934830465275317 0.669989572126319
-0.823541124171113 0.669593988143027
-0.712251783066908 0.669198404159735
-0.600962441962704 0.668802820176443
-0.51193096907934 0.66848635298981
-0.422899496195977 0.668169885803176
-0.333868023312613 0.667853418616542
-0.267094418650091 0.667616068226567
-0.200320813987568 0.667378717836592
-0.133547209325045 0.667141367446617
-0.0890314728833635 0.6669831338533
-0.0445157364416818 0.666824900259984
-1.19065077107647 0.737347080189284
-1.05835624095686 0.7369011083164
-0.926061710837252 0.736455136443517
-0.815816269070912 0.736083493216114
-0.705570827304573 0.735711849988711
-0.595325385538233 0.735340206761309
-0.507129032125162 0.735042892179386
-0.41893267871209 0.734745577597464
-0.330736325299018 0.734448263015542
-0.264589060239215 0.7342252770791
-0.198441795179411 0.734002291142658
-0.132294530119607 0.733779305206217
-0.0881963534130716 0.733630647915256
-0.0440981767065358 0.733481990624295
-1.17780085927736 0.803347874722133
-1.04693409713544 0.802975888641896
-0.916067334993506 0.802603902561659
-0.807011699875231 0.802293914161461
-0.697956064756957 0.801983925761264
-0.588900429638683 0.801673937361067
-0.501655921544063 0.801425946640909
-0.414411413449443 0.801177955920751
-0.327166905354824 0.800929965200593
-0.261733524283859 0.800743972160474
-0.196300143212894 0.800557979120356
-0.130866762141929 0.800371986080237
-0.0872445080946196 0.800247990720158
-0.0436222540473098 0.800123995360079
-1.16495094747826 0.869348669254983
-1.03551195331401 0.869050668967392
-0.90607295914976 0.868752668679801
-0.798207130679551 0.868504335106809
-0.690341302209341 0.868256001533817
-0.582475473739132 0.868007667960825
-0.496182810962964 0.867809001102431
-0.409890148186797 0.867610334244037
-0.323597485410629 0.867411667385643
-0.258877988328503 0.867262667241848
-0.194158491246377 0.867113667098053
-0.129438994164252 0.866964666954257
-0.0862926627761677 0.86686533352506
-0.0431463313880838 0.866766000095864
-1.150525236729 0.934942151817617
-1.02268909931467 0.934763394208252
-0.894852961900335 0.934584636598887
-0.78832284738839 0.934435671924416
-0.681792732876446 0.934286707249946
-0.575262618364501 0.934137742575475
-0.490038526754946 0.934018570835899
-0.40481443514539 0.933899399096322
-0.319590343535834 0.933780227356746
-0.255672274828667 0.933690848552063
-0.1917542061215 0.933601469747381
-0.127836137414334 0.933512090942698
-0.0852240916095557 0.93345250507291
-0.0426120458047779 0.933392919203122
1.16082845833774 1.07582726271192
1.1433608848757 1.15117405276096
1.07899243653668 1.08359386528722
1.06385284354474 1.16670725791156
0.996820322444008 1.09049751202082
0.983672617630619 1.18051455137877
0.914648208351333 1.09740115875442
0.9034923917165 1.19432184484597
0.832140001967036 1.10344184964632
0.822639981219219 1.20640322662977
0.749379726364023 1.10861958469652
0.741283432284566 1.21675869673017
0.666619450761009 1.11379731974672
0.659926883349913 1.22711416683057
0.583607105939278 1.11811209895522
0.578066195977889 1.23574372524757
0.500426714971737 1.12156392232202
0.495869416314283 1.24264737198117
0.417246324004195 1.12501574568882
0.413672636650677 1.24955101871477
0.333897886890842 1.12760461321392
0.331139764695491 1.25472875376497
0.250465426704584 1.12933052489732
0.248438846594514 1.25818057713178
0.167032966518326 1.13105643658072
0.165737928493537 1.26163240049858
0.0835164832591623 1.13191939242242
0.0828689642467688 1.26335831218198
-1.41900380334903e-15 1.13191939242242
1.11022302462516e-15 1.26335831218198
-0.0417582416295833 1.13191939242242
-0.0414344821233828 1.26335831218198
-0.0835164832591652 1.13170365346199
-0.0828689642467667 1.26292683426113
-0.125264222004634 1.13127217554114
-0.124282440601927 1.26206387841943
-0.187885830122837 1.13062495865987
-0.186402655134667 1.26076944465688
-0.250483806751785 1.12949232911764
-0.248475606688903 1.25850418557242
-0.313022704657597 1.12787428691445
-0.310430400796881 1.25526810116604
-0.396407901865345 1.1257168973102
-0.393036792940851 1.25095332195754
-0.479688070231962 1.12269655186425
-0.475433127402583 1.24491263106564
-0.562779186684541 1.1188132505766
-0.557451358036286 1.23714602849034
-0.666643082250265 1.11395912396703
-0.659974146328415 1.22743777527122
-0.770211584200306 1.10775662885481
-0.761906147389249 1.21503278504678
-0.873320584970394 1.10020576523994
-0.862919146090292 1.19993105781703
-0.997051385894499 1.09114472890209
-0.984134744531542 1.18180898514133
-1.12012050511947 1.08014204192041
-1.10402697957469 1.15980361117798
1.65647539113081 -1.04004077335615
1.60656024401251 -1.0356366576318
1.63719418280697 -1.07944404575807
1.59539032012053 -1.07095456478646
1.48607604337831 -1.04139537125121
1.48494411732399 -1.08279074250242
1.52136056911028 -1.03631395807707
1.51926528532708 -1.07262791615413
1.39828574708251 -1.03553908893447
1.39135314477618 -1.07107817786894
1.42453863236443 -1.04100793667991
1.42098804704853 -1.08201587335982
1.3412968404098 -1.02211613239026
1.32910728436852 -1.04423226478053
1.3566648511052 -1.02609318678965
1.34541276343616 -1.05218637357929
1.29674125099809 -1.02590122219691
1.27263676119548 -1.05180244439382
1.31133504035625 -1.0220201500939
1.29271928324817 -1.04404030018779
1.2059921525491 -1.03505621817569
1.12983684345827 -1.04033014205147
1.1876929999036 -1.07011243635139
1.1228317606644 -1.08066028410292
0.97268663931815 -1.05003432524232
0.891691744268873 -1.05446458455743
0.983430110269117 -1.10006865048466
0.908889699113008 -1.10892916911484
0.726156956028439 -1.06190337072703
0.641617062837302 -1.06491189758156
0.752718880517101 -1.12380674145407
0.671088473077286 -1.12982379516309
0.384434138651325 -1.06773929685761
0.41907076153276 -1.13547859371522
0.470755654148741 -1.06782986064684
0.504264413585116 -1.13565972129368
0.125702944177666 -1.06560447372351
0.163956509412861 -1.13120894744701
0.211907783665788 -1.06662660339594
0.248916809446629 -1.13325320679189
-0.0184546500906465 -1.07687897269439
-0.076407404870838 -1.08917560133772
0.0142786449638242 -1.14011303692963
-0.0504389194514418 -1.15106138575713
-0.0544009873963301 -0.900323286198614
-0.108801974792661 -0.911757683508344
-0.0527944662707241 -0.956984097328889
-0.105588932541447 -0.969523750213327
-0.0581481074921703 -0.731801863514491
-0.116296214984341 -0.741381504806766
-0.0570778080070538 -0.787732169291421
-0.114155616014107 -0.797686560805058
-0.0604437772542619 -0.619967692124316
-0.0616691475312369 -0.564063826511064
-0.120887554508524 -0.62882427313752
-0.123338295062473 -0.572572097466568
-0.0640446563707255 -0.452052546528603
-0.0651947949332402 -0.3959451321594
-0.128089312741452 -0.459660648612766
-0.13038958986648 -0.403001375429908
-0.0659167086147355 -0.283221922018046
-0.0654884837337172 -0.226606126245901
-0.131833417229471 -0.288666066258316
-0.130976967467433 -0.230990030269577
-0.0526808238887228 -0.056663443491251
-0.105361647777446 -0.0577713314269463
-0.0588705413707109 -0.113326886982502
-0.117741082741421 -0.115542662853893
-0.229486305936626 -0.0610782313387923
-0.300930140207083 -0.0632772433149433
-0.249762633042944 -0.122156462677585
-0.322913641973756 -0.126554486629886
-0.463672292485015 -0.06864467381647
-0.554970610492494 -0.071813092341848
-0.48567907410605 -0.137289347632942
-0.575293497307526 -0.143626184683695
-0.869855792191608 -0.0830744546385372
-0.879626115858623 -0.166148909277075
-0.758062360345791 -0.0790279827528816
-0.772267018183811 -0.158055965505761
-1.10395371433624 -0.0781081108899164
-1.22625820463506 -0.0690952952556394
-1.09212087491085 -0.156216221779833
-1.19725653628826 -0.138190590511278
-1.37364526409711 -0.0541477318170174
-1.39872783326034 -0.0482129840126733
-1.33944561615869 -0.108295463634035
-1.37649903465168 -0.0964259680253463
-1.45085336028954 -0.0407435969309899
-1.47789631815551 -0.0392089576536515
-1.44685769337109 -0.0814871938619803
-1.48016293359749 -0.0784179153073027
-1.54148013123712 -0.0384565766169529
-1.57802098645279 -0.0392388348575937
-1.55361473311177 -0.0769131532339065
-1.59376129239962 -0.078477669715187
-1.66705653364548 -0.0421078407543436
-1.71955122562252 -0.0441945884104537
-1.68669853880165 -0.0842156815086879
-1.73948922591579 -0.0883891768209073
-1.92401530574238 -0.0496408005856047
-1.92944112117615 -0.0993069097215804
-1.84803061167097 -0.0479610683260846
-1.86086051710304 -0.0959347909273535
-1.9290965867473 -0.247773948865018
-1.873990088257 -0.239477760548508
-1.93198370838976 -0.19834825334459
-1.8738412289611 -0.191680519065103
-1.91782117686809 -0.34608302909715
-1.90942512206528 -0.395016447933103
-1.86718355083281 -0.334669571158549
-1.86022427093004 -0.382089156700787
-1.87191839481276 -0.539614524229094
-1.82239483022765 -0.521829196484941
-1.88647952696966 -0.491757552746668
-1.83783280865747 -0.475656647715768
-1.81865417422891 -0.682017042745924
-1.76443695379556 -0.660481290630061
-1.83801339291777 -0.634720144720895
-1.78570074003438 -0.614229455688165
-1.75091201350688 -0.824477880782026
-1.68862191285172 -0.803419310069203
-1.77511299212996 -0.776872448150199
-1.71590229400747 -0.755064486507426
-1.69723440181237 -0.962434994935434
-1.65168108009547 -0.942360575549636
-1.71198400259854 -0.917236492417636
-1.65651694802094 -0.897056023711791
-1.6255708206535 -1.08484306598619
-1.58909614031637 -1.05602615173444
-1.6540408048685 -1.04621655512706
-1.6179771732575 -1.02183477626462
-1.53338209532592 -1.20142293800669
-1.49531029834766 -1.16463488682108
-1.56525609240328 -1.16242559456038
-1.52777001612196 -1.12741587557985
-1.43212756045164 -1.31565304929572
-1.39270532414765 -1.2758818127617
-1.46683400252346 -1.27801718929678
-1.42778603894715 -1.2388581173732
-1.36018217086292 -1.38847830318482
-1.32290796236818 -1.4237040614715
-1.32026645183783 -1.34784510087001
-1.2828906681832 -1.38280287130759
-1.24607479975799 -1.49137833617291
-1.20647790203571 -1.52386038851162
-1.20613285900552 -1.45017886353046
-1.16673186167902 -1.48261385327771
-1.12561197476193 -1.58619053591403
-1.08430254228223 -1.61606914263779
-1.08690934588329 -1.54541908690578
-1.04646762594993 -1.57580458661659
-0.999244966298252 -1.67244924313897
-0.955454189587148 -1.69897805111761
-0.962777236891921 -1.63319377783639
-0.919507251163851 -1.66021112644593
-0.866404372374651 -1.74845923312752
-0.821100720395763 -1.77143556341761
-0.831835647319755 -1.71061466372647
-0.787411723464963 -1.73401283052685
-0.683429212759277 -1.83357123671959
-0.653745628705627 -1.7978902331988
-0.729636300146875 -1.81398133935815
-0.698378293638042 -1.77764550246739
-0.55219742694855 -1.88749283076053
-0.537184931080222 -1.85641674203691
-0.594733652824661 -1.87031856848485
-0.573160885758984 -1.83727164601558
-0.464188482267247 -1.91134200702432
-0.418666864248182 -1.91803002409562
-0.460310702471672 -1.87754963034524
-0.419387978934948 -1.87954397417383
-0.323752893527107 -1.93157924642751
-0.274310772160352 -1.93844975489428
-0.330453443934776 -1.88778217216267
-0.28241674813895 -1.89403067792597
-0.123989874018819 -1.95055597133323
-0.135093439962151 -1.90364092195763
-0.174454433584386 -1.94793539300565
-0.184749332066959 -1.90195869061751
0.0283180807967882 -1.95171254957208
0.0155350221541798 -1.9031889894183
-0.0226289206183008 -1.95244377005769
-0.0349639147466158 -1.90425568157862
0.181406582434822 -1.9421171756008
0.167968136121102 -1.89308663923396
0.130310543537798 -1.94655042143554
0.116988403195262 -1.8976050527919
0.334072473740958 -1.91992962630917
0.320710691679519 -1.86959956529202
0.283262423630081 -1.92880988910574
0.269816718410065 -1.87908545101806
0.435290066430936 -1.89900561737519
0.485747230710163 -1.88695180139341
0.42255486304512 -1.84816325204146
0.473529873742141 -1.83620778923948
0.585057225121263 -1.8613449800977
0.633958766748688 -1.84777811366021
0.573427053508174 -1.81308320755048
0.622373578324951 -1.80190715810163
0.727441532607631 -1.82006851189032
0.772070223072561 -1.80590822516896
0.713069535228789 -1.78208791705695
0.754842700432542 -1.77343594976659
0.855046455968962 -1.76689451838935
0.893439972802116 -1.74201994534176
0.827549322162129 -1.7383084304901
0.858505765888788 -1.71182230200925
1.01353982421749 -1.65784849983213
0.965130613536536 -1.62014456880487
0.972664543470692 -1.68750925245182
0.927285352122001 -1.65274653087941
1.14113163104817 -1.5677741025017
1.09303255247059 -1.5267088354915
1.09775226468017 -1.59799490838912
1.04799366204778 -1.55713271287692
1.2675404113875 -1.47365429757837
1.22561586255262 -1.43471634539075
1.22600573925994 -1.50561936252349
1.18183367015205 -1.46550843446199
1.38504043967875 -1.37084885556471
1.34814162030223 -1.33431626252636
1.34703905305235 -1.40628609929793
1.30876048335542 -1.36912878702239
1.45643884824172 -1.29580420572853
1.48987055177951 -1.25615991305841
1.42062971676252 -1.25900578342475
1.45375401745942 -1.21848938512845
1.55482753960853 -1.18397189168386
1.5863845695598 -1.15138871137445
1.51931986543911 -1.15407900271874
1.55177728555184 -1.13016529280282
-0.269325556952928 -0.30213125647854
-0.269682258551096 -0.242682975247458
-0.340900988061651 -0.310152302458496
-0.342899065901038 -0.249992016201662
-0.490622735195432 -0.328850690872652
-0.499154295461258 -0.267392356161034
-0.568769051220495 -0.339528033306855
-0.582192717671529 -0.277483655166198
-0.813689624710018 -0.378487224066351
-0.730302495977786 -0.364346299903706
-0.851543032117825 -0.313855293990983
-0.758387085999814 -0.300715124081172
-1.33724202805701 -0.259140577810957
-1.32124399813864 -0.210791886631006
-1.38205503955682 -0.237739547212023
-1.36816263779992 -0.19118924962502
-1.46541477664742 -0.207301595252746
-1.45413840155003 -0.164766193022859
-1.50396150223821 -0.198264673892408
-1.49319552563884 -0.15794577342668
-1.58504521137565 -0.194040693417816
-1.57539727318104 -0.154705211634339
-1.62758219492233 -0.198853634303566
-1.6185418966344 -0.158285069438172
-1.7197073154305 -0.212838242364269
-1.71302392969417 -0.169580882313651
-1.76929545239204 -0.222009909539222
-1.76436133930054 -0.177296837385291
-1.16410834585609 -0.341697999925165
-1.12219819067077 -0.288011166297457
-1.22826868120665 -0.31111980416753
-1.19826177457406 -0.259202844967223
-1.00845771656519 -0.47831408650163
-0.952767235003723 -0.435471117365316
-1.05420286353537 -0.425295141092218
-0.999450920885594 -0.376145302496503
-1.72475208444768 -0.298511900038214
-1.7706490046226 -0.31088400662908
-1.72311346772852 -0.340928197661541
-1.76706844376166 -0.355045031565007
-1.68531995438805 -0.46104932750025
-1.7033974026987 -0.422196911392562
-1.72909561063344 -0.48254659622471
-1.74629174676709 -0.44087632636282
-1.61578514837083 -0.578948045095177
-1.64151382722412 -0.539424894351562
-1.66300244123946 -0.608946790661121
-1.68745095786961 -0.566581828373858
-1.53257724797491 -0.98416152785026
-1.51253302455057 -0.941113834904373
-1.56935250557776 -0.95322383790319
-1.55679146059562 -0.90899469210364
-1.42403440264827 -1.08707834526792
-1.39083030955079 -1.04630984909555
-1.45991819651017 -1.05108878153263
-1.42955244902815 -1.00977141340033
-1.31553095772908 -1.19617636641352
-1.27777883854023 -1.15624214444403
-1.35184078325772 -1.15962213770837
-1.31494350430682 -1.11954521461739
-1.24148179518916 -1.26748629904216
-1.2037424581779 -1.30224200296565
-1.2026128575656 -1.22776069952913
-1.16461154235755 -1.26258232478761
-1.12670619499019 -1.36925465508156
-1.08740926881376 -1.40151160327399
-1.08722147172735 -1.32952991927513
-1.04783271630518 -1.36165588850416
-1.00908991839743 -1.46553332085648
-0.970067494157525 -1.49729809024655
-0.969973119790216 -1.42641900381543
-0.931502278697423 -1.45905614989767
-0.889202324892113 -1.55729816418453
-0.847359579866606 -1.58553346873245
-0.852095142298643 -1.52065801583527
-0.811158846992647 -1.54962273569063
-0.761543767845776 -1.63825727775579
-0.717570700850457 -1.66274578223122
-0.725820613426703 -1.60374446118617
-0.681418675166739 -1.62890146682634
-0.582579162954098 -1.73357870558399
-0.541096274008198 -1.70494818407967
-0.628088398404617 -1.71040649614532
-0.589056505457488 -1.67950332827309
-0.483311924285254 -1.81475514078498
-0.444451409934116 -1.80416962946345
-0.510190925894419 -1.78575302790383
-0.468793726246507 -1.76728133467484
-0.356491525774195 -1.80008698033301
-0.307392155965418 -1.80658984252412
-0.375829057205945 -1.75618886276822
-0.324261587813287 -1.76356808409056
-0.160550002609649 -1.812002263899
-0.174903000492261 -1.76727865514613
-0.209421394383147 -1.81254748430712
-0.223798559456445 -1.76911298027951
-0.0121640752390257 -1.80787130221072
-0.0270801100072295 -1.76107717494413
-0.06192134303759 -1.8096641728508
-0.0765437757676517 -1.76326075247842
0.138982878956977 -1.79776916458169
0.123436070508816 -1.75148222616778
0.0882880357582585 -1.80192379807617
0.0729098131310039 -1.75518791178879
0.292550162711552 -1.77014165806962
0.27775141825186 -1.72101381137677
0.241113942433626 -1.78187809457842
0.225856873069243 -1.73439517596176
0.39857196300775 -1.74584533310454
0.453157543026017 -1.73328544464827
0.387324266356194 -1.69436977950137
0.445002569277913 -1.68110711221094
0.561184379423237 -1.71394168204736
0.614625635802185 -1.70715780790275
0.560571876951392 -1.66306192909149
0.618462881703149 -1.65827941326242
0.712061990905853 -1.7034900700357
0.756057089630572 -1.70660620631327
0.725426443961763 -1.66287281784784
0.774499001468616 -1.67224873826229
0.789688912921841 -1.51469636809104
0.764239904969758 -1.56847596687551
0.853205160698951 -1.54856850126416
0.823073037002805 -1.59322988573774
0.940932583248538 -1.40159919196749
0.878035252061237 -1.43125798063704
0.99293302915652 -1.44362137982582
0.938135156775799 -1.47376424830819
1.10845668278085 -1.31993234848535
1.05614329860835 -1.34593637589165
1.1460739999048 -1.35785536934094
1.09690245072101 -1.38566694034218
1.01972884269902 -1.19407175969457
0.955853151469999 -1.21099777292855
1.04528410417796 -1.23804054366217
0.98561864898284 -1.25860179218483
0.815831249117362 -1.24366574282379
0.739685037993742 -1.25940769948506
0.852381693228967 -1.30162137346648
0.778810192670201 -1.32407970622546
0.0638272900879706 -1.28021485093124
-0.013739065338639 -1.28310797017239
0.0806426401576468 -1.35708260069763
-0.00300769664523297 -1.35326877016821
-0.155627106542273 -1.29246676238484
-0.219948792319298 -1.29893243535617
-0.15131108436388 -1.35596169541608
-0.215964135279646 -1.36246845119335
-0.193935145717614 -1.10925214324628
-0.253510131784198 -1.11703205651152
-0.176939137219141 -1.16911198629994
-0.238721790571573 -1.17621423801525
-0.220492545157071 -0.932527940084538
-0.277782128125152 -0.941863799351015
-0.215711849686581 -0.990960120138586
-0.273040300560987 -0.999856837179394
-0.233426001820913 -0.760691120727637
-0.292407681165315 -0.770421095356238
-0.229349621224239 -0.817393440379068
-0.287465818427314 -0.827145928439427
-0.242805783900309 -0.647437458980006
-0.248109185383031 -0.59088611688381
-0.304280236037833 -0.657194063809288
-0.31121092817235 -0.600691865345534
-0.258598009695421 -0.476749695761611
-0.263783432525092 -0.419164616735618
-0.325062050278666 -0.486230640826299
-0.331982480250463 -0.428271614770813
-0.458823281996902 -0.50698448249449
-0.470457228463255 -0.448646754039384
-0.526120473131897 -0.518257379097998
-0.540732928950674 -0.459914895272754
-0.724826070269345 -0.56005487887297
-0.659121867268117 -0.544792577287239
-0.750331143785783 -0.501587016507349
-0.680669886611936 -0.486385026506735
-0.899491939959685 -0.636958922994966
-0.845011106615134 -0.606138051726835
-0.93110225477735 -0.584145977453005
-0.875547327868485 -0.550467491980481
-1.00194633927467 -0.705583171621588
-1.0363291556563 -0.657937626061625
-1.0499199052451 -0.743386548980087
-1.08600112962637 -0.698050789197709
-1.11432593957484 -0.565283920249611
-1.15793990711177 -0.520275759997575
-1.16450368102303 -0.609410784861279
-1.20692500803841 -0.566106540307215
-1.249236930764 -0.44250162987246
-1.29691998687931 -0.409735659999392
-1.29245536048659 -0.489618426192051
-1.33556438591937 -0.456434556630942
-1.38389483892943 -0.351978663109478
-1.42318663486427 -0.326987636092638
-1.41454961988349 -0.396468057228046
-1.45042582841481 -0.369685427386251
-1.49595439850906 -0.287722878497013
-1.52943036621901 -0.273449147918229
-1.5152176452733 -0.325608759511391
-1.54413325360046 -0.308314721478321
-1.60155594404357 -0.268163542708743
-1.64020555415818 -0.277151668078047
-1.60841873851687 -0.302950910216194
-1.6437886151061 -0.314881136987132
-1.57016869407258 -0.388847113275776
-1.59272511353138 -0.363292695499712
-1.60585649610763 -0.414199586025788
-1.62661408608083 -0.383405095961003
-1.48632555239243 -0.476954734074153
-1.51696891350312 -0.445678132563
-1.52744670394732 -0.512952016801694
-1.55627280504086 -0.47897304644613
-1.27541336718963 -0.930746147856446
-1.31620429761465 -0.893976540990765
-1.31651979182147 -0.968143750389814
-1.35769549958038 -0.931215293129395
-1.15957809168045 -1.0416186529514
-1.19710026422253 -1.00456720383677
-1.19980240551592 -1.07896328771297
-1.23757324478922 -1.04201774768159
-1.08390511669132 -1.11332033729659
-1.12382451831668 -1.15067771865635
-1.04575431424428 -1.14797057252717
-1.08561747039074 -1.18544660956836
-0.966457338652913 -1.21356856745651
-1.00709704355871 -1.2516868754626
-0.925311165508607 -1.2445163271553
-0.966783664652597 -1.28315825044481
-0.849251891109427 -1.31148278971243
-0.890054106146218 -1.34939373824341
-0.814338789854566 -1.34750149257078
-0.85363792654594 -1.38415785105978
-0.744301560969878 -1.41457196528805
-0.779644760337525 -1.44929491638703
-0.709177433340057 -1.44562373514698
-0.742067773729373 -1.47966786889789
-0.63161276369808 -1.4983243150483
-0.660855111352856 -1.53377797983243
-0.589172221685931 -1.51997312509071
-0.617219435584477 -1.55751513825608
-0.453853854809926 -1.58649607979394
-0.500292767241852 -1.56405900746353
-0.476733619936111 -1.63140687118465
-0.525158689876108 -1.60632958393218
-0.367552783813157 -1.62505547181284
-0.381359686225425 -1.66867310850814
-0.327690625248315 -1.64117779150133
-0.334410822454736 -1.68086205857916
-0.209563088825837 -1.63674260916123
-0.248695777754654 -1.64702136017552
-0.199409543600354 -1.67964882777724
-0.243435751142199 -1.68634991821372
-0.0751607905603001 -1.62134423845345
-0.12279559522866 -1.6239040483002
-0.058578467667867 -1.6678136430655
-0.106980901863187 -1.67038069020311
0.0646890073113786 -1.62550648401551
0.0185815107097193 -1.62214545631112
0.0862891346860165 -1.66535088588469
0.0380565506067349 -1.66529874090627
0.190196648124882 -1.55313404469568
0.150496576018961 -1.5910007782078
0.226574660958524 -1.61251000468979
0.18054818986191 -1.63895651777645
0.0793349534637952 -1.48452092769145
0.00485127163635035 -1.47528377068136
0.0612119167002678 -1.53509150491891
0.00197887122452693 -1.52713797119866
-0.128577745941235 -1.47126269691202
-0.187523081691375 -1.47647878015279
-0.110160429696985 -1.52306876537672
-0.163066685142754 -1.52695309327502
-0.28222757209464 -1.51494252063488
-0.317986726747765 -1.54819017787622
-0.250972103072981 -1.55438945559006
-0.285971265557436 -1.57794149000676
-0.34156559864616 -1.30038238431795
-0.398860719195999 -1.29536666030841
-0.337170699284833 -1.35884359406373
-0.393724212374249 -1.34871198115682
-0.372186395029312 -1.1291568153264
-0.431287672207847 -1.13350166087606
-0.359073446518404 -1.18553899494929
-0.417642449112795 -1.18776150016801
-0.393008895560899 -0.959178888600814
-0.450946080028566 -0.967158118584153
-0.389154119550565 -1.01597676215217
-0.447939487665729 -1.02319997008412
-0.409914750424005 -0.790133916059228
-0.468440140338298 -0.800116762133623
-0.403389210997623 -0.846257465554349
-0.461196406364845 -0.855616514608895
-0.426689971743777 -0.677780981359273
-0.436939653637164 -0.621551596154439
-0.4876252553122 -0.688611294079977
-0.499566636312656 -0.632605578501606
-0.365508563176917 -1.45873163200741
-0.417534085237533 -1.44196767833512
-0.398241326430329 -1.50015846020534
-0.446480464922564 -1.48187805466498
-1.14336462832961 -0.818576132666744
-1.18201976761394 -0.77768856450658
-1.18883578544371 -0.855962338994913
-1.22836643163141 -0.817213176679352
-1.03515100282284 -0.934408642505202
-1.06993024593407 -0.896936171666063
-1.07725239033391 -0.969341330347521
-1.11327876479495 -0.932026415828988
-0.963769661225102 -1.00641274524982
-1.00387768814554 -1.04118785059333
-0.927167562738602 -1.04094437715529
-0.966529360418199 -1.07571945632062
-0.842202156535955 -1.10212028158643
-0.884009895141545 -1.13878527051843
-0.793838848819823 -1.12876455411212
-0.838838757592211 -1.16731947898894
-0.717128161089468 -1.1997837901216
-0.762788918581055 -1.23667781565153
-0.688780781075254 -1.24415875360543
-0.731910217119217 -1.27750194384359
-0.611107918860713 -1.15454201186969
-0.589171380589923 -1.20387171070708
-0.550748434123548 -1.1461942591477
-0.532691416148557 -1.19692785804691
-0.623123292494321 -0.993830215557884
-0.628083874812914 -1.04952126429509
-0.566003278495278 -0.984483782062683
-0.567404365296906 -1.03997222115558
-0.637661717613191 -0.833344822901388
-0.627912213894463 -0.885741994861034
-0.582313623932892 -0.821722215554701
-0.573457907813266 -0.875358779262237
-0.664714479805586 -0.726806014374031
-0.606637509343104 -0.713123810587354
-0.682017738279252 -0.672664377806316
-0.6221056786337 -0.658161969327546
-0.767616085693117 -0.984341944985399
-0.784005251811748 -1.02489861881992
-0.723929696093245 -0.99375929701924
-0.73638431807033 -1.04198446312726
-0.911285173447621 -0.835379172837965
-0.93942434817034 -0.794303945009764
-0.952167394379699 -0.867427563750428
-0.983003037621763 -0.828074936256441
-0.859198157580936 -0.90927779809463
-0.891429895942806 -0.940457719000475
-0.835250316436964 -0.942101195523096
-0.861528040747977 -0.974135246756522
1.18497243201437 -1.13773354201897
1.13428848297121 -1.15743964423979
1.20055101677067 -1.17029842951086
1.15275028807186 -1.19388886232518
1.24783400169333 -1.23450343418929
1.20430203432335 -1.26421587763418
1.27953840185972 -1.26614355137585
1.23739197547415 -1.29809367485776
1.32238416019882 -1.17206641609742
1.35360237274107 -1.1971368886092
1.35340235133434 -1.13934184145042
1.38551991723684 -1.16008034932446
1.26274349681411 -1.1008010922557
1.27695472223535 -1.12389851792068
1.28983061257067 -1.08357474471325
1.30555769900124 -1.10108903914481
-0.782314216577208 -0.867054394875219
-0.766770568075853 -0.90541983301305
-0.737662013935355 -0.856010912561653
-0.724568544025747 -0.900772521736429
-0.821199118433052 -0.782383260670569
-0.771995284350567 -0.761435739415642
-0.844540371787544 -0.736077564603752
-0.793235084856166 -0.711622175444411
-1.26193656101989 -0.696367386793183
-1.30319821514155 -0.655933777239955
-1.30919169956859 -0.739197124113423
-1.35048632131803 -0.699930233863043
-1.38153397660271 -0.579743890319583
-1.41860808394224 -0.543987612952448
-1.42739416299625 -0.622752558127531
-1.463007382925 -0.584841772642391
-1.52428017069347 -0.704627729663361
-1.55716832010551 -0.661549462751076
-1.57530599199716 -0.743494233391242
-1.60692995830322 -0.697402993169813
-1.40179415912025 -0.820706621608598
-1.44659309020085 -0.784206309092126
-1.44714148012324 -0.859386381783549
-1.49541175290715 -0.824485927698105
-0.551385410878877 -1.40165636082075
-0.576877913461097 -1.43226350554248
-0.510472509088516 -1.41343004274179
-0.535798758437944 -1.44793057733355
-0.553454197644972 -1.29248401172932
-0.539673552970821 -1.33176661391418
-0.504805018695409 -1.29141747401409
-0.494975639217241 -1.33517349108205
-0.637721704930439 -1.3223167043594
-0.673340033266338 -1.35108285927424
-0.615010008799842 -1.35609969162956
-0.645648550875288 -1.3838396465128
0.314377952593981 -1.50365235181098
0.345227261149311 -1.57327328885459
0.398859184957159 -1.49203739243842
0.417853390243482 -1.56048308610602
0.22931626444492 -1.2758860857028
0.256422454241787 -1.3549587502351
0.317238883375259 -1.2744504397155
0.348551931523045 -1.34902106924315
0.564284499928467 -1.48055636701655
0.562121937204011 -1.54636927157607
0.645228582536605 -1.48069030096723
0.633764355070355 -1.54504565979467
0.491287277160438 -1.27372641453423
0.528867169906686 -1.34423493849563
0.577413052015281 -1.27443803534028
0.617052931009062 -1.34538648874004

patch_cp
8
1.73205080756888 1
1.15470053837674 1
0.577350269193065 1
0 1
2.08648889638324 0.428304732997973
1.39099259758715 0.396647599777334
0.695496298796709 0.364990466556699
0 0.333333333336062
2.08648889638324 -0.428304732997973
1.39099259758799 -0.396647599777335
0.69549629879556 -0.364990466556699
0 -0.333333333336062
1.73205080756888 -1
1.15470053837925 -1
0.577350269189626 -1
0 -1
1.73205080756888 1
2.08648889638324 0.428304732997973
2.08648889638324 -0.428304732997973
1.73205080756888 -1
2.48803387171258 1
2.72432593092215 0.396647599776424
2.72432593092217 -0.396647599776425
2.48803387171258 -1
3.24401693585629 1
3.36216296546109 0.364990466554881
3.36216296546107 -0.364990466554881
3.24401693585629 -1
4 1
4 0.333333333333333
4 -0.333333333333333
4 -1
1.41421356237309 1.41421356237309
0.78887332194809 2.18065104775679
-0.788873321948091 2.18065104775679
-1.41421356237309 1.41421356237309
1.34280904158206 1.34280904158206
0.673252726780697 1.9400629493412
-0.673252726780699 1.94006294934119
-1.34280904158206 1.34280904158206
1.27140452079103 1.27140452079103
0.557632131613305 1.69947485092561
-0.557632131613305 1.69947485092561
-1.27140452079103 1.27140452079103
1.2 1.2
0.442011536445913 1.45888675251002
-0.442011536445914 1.45888675251002
-1.2 1.2
1.73205080756888 1
1.64510559150578 1.15076693727337
1.53734016303826 1.29120957796734
1.41421356237309 1.41421356237309
1.57490088622746 1
1.5108185159286 1.12291052628055
1.43223634051808 1.23877803062055
1.34280904158206 1.34280904158206
1.41775096488604 1
1.37653144035143 1.09505411528773
1.32713251799789 1.18634648327376
1.27140452079103 1.27140452079103
1.26060104354462 1
1.24224436477426 1.06719770429492
1.2220286954777 1.13391493592696
1.2 1.2
-2 2.44929359829471e-16
-1.79824439740068 2.20221424536141e-16
-1.59648879480137 1.95513489242811e-16
-1.39473319220205 1.70805553949482e-16
-2.00137341349912 0.345272873454075
-1.79921903301389 0.342292036131068
-1.59706465252864 0.339311198808054
-1.39491027204341 0.336330361485046
-1.90587665527605 0.701671627100679
-1.72038533569676 0.692982600445419
-1.53489401611748 0.684293573790168
-1.34940269653819 0.675604547134911
-1.73205080756888 1
-1.57490088622746 1
-1.41775096488604 1
-1.26060104354462 1
-1.73205080756888 1
-1.57490088622746 1
-1.41775096488604 1
-1.26060104354462 1
-1.64510559150577 1.15076693727337
-1.5108185159286 1.12291052628056
-1.37653144035144 1.09505411528773
-1.24224436477426 1.06719770429491
-1.53734016303827 1.29120957796734
-1.43223634051808 1.23877803062054
-1.32713251799788 1.18634648327376
-1.2220286954777 1.13391493592698
-1.41421356237309 1.41421356237309
-1.34280904158206 1.34280904158206
-1.27140452079103 1.27140452079103
-1.2 1.2
-1.39473319220205 1.70805553949482e-16
-0.929822128134703 1.13870369299654e-16
-0.464911064067352 5.69351846498272e-17
0 0
-1.3949102720434 0.336330361485046
-0.929940181362265 0.335331352101141
-0.464970090681137 0.334332342717238
0 0.333333333333333
-1.34940269653819 0.675604547134912
-0.899601797692128 0.672625253645497
-0.449800898846061 0.669645960156081
0 0.666666666666667
-1.26060104354462 1
-0.840400695696416 0.999999999999999
-0.420200347848208 1
0 1
1.26060104354462 1
1.24224436477426 1.06719770429492
1.2220286954777 1.13391493592696
1.2 1.2
0.420200347851647 1
0.428085300409013 1.15349328846492
0.435350589457656 1.30650610426698
0.442011536445913 1.45888675251002
-0.420200347851647 0.999999999999999
-0.428085300409017 1.15349328846492
-0.435350589457653 1.30650610426698
-0.442011536445914 1.45888675251002
-1.26060104354462 1
-1.24224436477426 1.06719770429491
-1.2220286954777 1.13391493592698
-1.2 1.2
